metro,cbsa,hmda_cells_used,basis,median_income_note
Akron,10420,10420:2024=101,2024,"HMDA code 10420, 2024"
Albany,10580,10580:2024=579,2024,"HMDA code 10580, 2024"
Albuquerque,10740,10740:2024=60,2024,"HMDA code 10740, 2024"
Allentown,10900,10900:2024=157,2024,"HMDA code 10900, 2024"
Atlanta,12060,12054:2024=177 31924:2024=32,2024,multi-division metro: HMDA reports divisions separately and medians cannot be combined
Austin,12420,12420:2024=156,2024,"HMDA code 12420, 2024"
Bakersfield,12540,12540:2024=99,2024,"HMDA code 12540, 2024"
Baltimore,12580,12580:2024=225,2024,"HMDA code 12580, 2024"
Baton Rouge,12940,12940:2024=56,2024,"HMDA code 12940, 2024"
Birmingham,13820,13820:2022+2023+2024=64/3,2022-2024 average,2024 row is a 3-year total; no median published
Boston,14460,14454:2024=790 15764:2024=1081 40484:2024=100,2024,multi-division metro: HMDA reports divisions separately and medians cannot be combined
Bridgeport,14860,14860:2024=315,2024,"HMDA code 14860, 2024"
Buffalo,15380,15380:2024=863,2024,"HMDA code 15380, 2024"
Cape Coral-Fort Myers,15980,15980:2024=302,2024,"HMDA code 15980, 2024"
Charleston,16700,16700:2024=67,2024,"HMDA code 16700, 2024"
Charlotte,16740,16740:2024=81,2024,"HMDA code 16740, 2024"
Chicago,16980,16984:2024=3158 20994:2024=101 29404:2024=53 29414:2024=95,2024,multi-division metro: HMDA reports divisions separately and medians cannot be combined
Cincinnati,17140,17140:2024=603,2024,"HMDA code 17140, 2024"
Cleveland,17410,17410:2024=496,2024,"HMDA code 17410, 2024"
Columbus,18140,18140:2024=355,2024,"HMDA code 18140, 2024"
Dallas,19100,19124:2024=157 23104:2024=133,2024,multi-division metro: HMDA reports divisions separately and medians cannot be combined
Dayton,19430,19430:2024=197,2024,"HMDA code 19430, 2024"
Denver,19740,19740:2024=169,2024,"HMDA code 19740, 2024"
Detroit,19820,19804:2024=321 47664:2024=93,2024,multi-division metro: HMDA reports divisions separately and medians cannot be combined
El Paso,21340,21340:2022+2023+2024=150/3,2022-2024 average,2024 row is a 3-year total; no median published
Fort Wayne,23060,23060:2024=63,2024,"HMDA code 23060, 2024"
Fresno,23420,23420:2022+2023+2024=101/3,2022-2024 average,2024 row is a 3-year total; no median published
Grand Rapids,24340,24340:2024=143,2024,"HMDA code 24340, 2024"
Greensboro,24660,24660:2022+2023+2024=38/3,2022-2024 average,2024 row is a 3-year total; no median published
Harrisburg,25420,25420:2024=79,2024,"HMDA code 25420, 2024"
Hartford,25540,25540:2024=533,2024,"HMDA code 25540, 2024"
Houston,26420,26420:2024=420,2024,"HMDA code 26420, 2024"
Indianapolis,26900,26900:2024=218,2024,"HMDA code 26900, 2024"
Jacksonville,27260,27260:2024=69,2024,"HMDA code 27260, 2024"
Kansas City,28140,28140:2024=211,2024,"HMDA code 28140, 2024"
Knoxville,28940,28940:2024=54,2024,"HMDA code 28940, 2024"
Lakeland,29460,29460:2024=66,2024,"HMDA code 29460, 2024"
Las Vegas,29820,29820:2024=70,2024,"HMDA code 29820, 2024"
Los Angeles,31080,11244:2024=92 31084:2024=1326,2024,multi-division metro: HMDA reports divisions separately and medians cannot be combined
Louisville,31140,31140:2024=127,2024,"HMDA code 31140, 2024"
McAllen,32580,32580:2024=206,2024,"HMDA code 32580, 2024"
Memphis,32820,32820:2022+2023+2024=106/3,2022-2024 average,2024 row is a 3-year total; no median published
Miami,33100,22744:2024=175 33124:2024=233 48424:2024=78,2024,multi-division metro: HMDA reports divisions separately and medians cannot be combined
Milwaukee,33340,33340:2024=991,2024,"HMDA code 33340, 2024"
Minneapolis,33460,33460:2024=674,2024,"HMDA code 33460, 2024"
Nashville,34980,34980:2024=128,2024,"HMDA code 34980, 2024"
New Orleans,35380,35380:2024=527,2024,"HMDA code 35380, 2024"
New York,35620,35004:2024=219 35084:2024=1553 29484:2024=267 35614:2024=5947,2024,multi-division metro: HMDA reports divisions separately and medians cannot be combined
North Port-Sarasota,35840,35840:2024=64,2024,"HMDA code 35840, 2024"
Oklahoma City,36420,36420:2024=109,2024,"HMDA code 36420, 2024"
Omaha,36540,36540:2024=63,2024,"HMDA code 36540, 2024"
Orlando,36740,36740:2024=87,2024,"HMDA code 36740, 2024"
Oxnard,37100,37100:2022+2023+2024=90/3,2022-2024 average,2024 row is a 3-year total; no median published
Philadelphia,37980,15804:2024=133 33874:2024=131 37964:2024=686 48864:2022+2023+2024=135/3,2024 with some divisions as 2022-2024 average,multi-division metro: HMDA reports divisions separately and medians cannot be combined
Phoenix,38060,38060:2024=146,2024,"HMDA code 38060, 2024"
Pittsburgh,38300,38300:2024=357,2024,"HMDA code 38300, 2024"
Portland,38900,38900:2024=265,2024,"HMDA code 38900, 2024"
Portland ME,38860,38860:2024=229,2024,"HMDA code 38860, 2024"
Providence,39300,39300:2024=1716,2024,"HMDA code 39300, 2024"
Raleigh,39580,39580:2022+2023+2024=81/3,2022-2024 average,2024 row is a 3-year total; no median published
Richmond,40060,40060:2024=66,2024,"HMDA code 40060, 2024"
Riverside-San Bernardino,40140,40140:2024=173,2024,"HMDA code 40140, 2024"
Rochester,40380,40380:2024=233,2024,"HMDA code 40380, 2024"
Sacramento,40900,40900:2024=204,2024,"HMDA code 40900, 2024"
Salt Lake City,41620,41620:2024=91,2024,"HMDA code 41620, 2024"
San Antonio,41700,41700:2024=194,2024,"HMDA code 41700, 2024"
San Diego,41740,41740:2024=275,2024,"HMDA code 41740, 2024"
San Francisco,41860,36084:2024=326 41884:2024=256 42034:2022+2023+2024=104/3,2024 with some divisions as 2022-2024 average,multi-division metro: HMDA reports divisions separately and medians cannot be combined
San Jose,41940,41940:2024=117,2024,"HMDA code 41940, 2024"
Scranton,42540,42540:2024=336,2024,"HMDA code 42540, 2024"
Seattle,42660,42644:2024=143 45104:2024=102 21794:2024=79,2024,multi-division metro: HMDA reports divisions separately and medians cannot be combined
Spokane,44060,44060:2024=86,2024,"HMDA code 44060, 2024"
St. Louis,41180,41180:2024=423,2024,"HMDA code 41180, 2024"
Syracuse,45060,45060:2024=157,2024,"HMDA code 45060, 2024"
Tampa,45300,45294:2024=75 41304:2024=105,2024,multi-division metro: HMDA reports divisions separately and medians cannot be combined
Toledo,45780,45780:2022+2023+2024=159/3,2022-2024 average,2024 row is a 3-year total; no median published
Tucson,46060,46060:2024=93,2024,"HMDA code 46060, 2024"
Tulsa,46140,46140:2024=59,2024,"HMDA code 46140, 2024"
Virginia Beach-Norfolk,47260,47260:2024=151,2024,"HMDA code 47260, 2024"
Washington DC,47900,47764:2024=170 11694:2024=24 23224:2022+2023+2024=45/3,2024 with some divisions as 2022-2024 average,multi-division metro: HMDA reports divisions separately and medians cannot be combined
Wichita,48620,48620:2024=111,2024,"HMDA code 48620, 2024"
Worcester,49340,49340:2024=616,2024,"HMDA code 49340, 2024"
Youngstown,49660,49660:2024=66,2024,"HMDA code 49660, 2024"
