file,column,type,unit,description
atlas-national-2018-2025.csv,year,integer,,Calendar year of origination.
atlas-national-2018-2025.csv,total_loans,integer,loans,Qualifying owner-occupant 2-4 unit purchase loans.
atlas-national-2018-2025.csv,loans_2unit,integer,loans,Loans on 2-unit properties.
atlas-national-2018-2025.csv,loans_3unit,integer,loans,Loans on 3-unit properties.
atlas-national-2018-2025.csv,loans_4unit,integer,loans,Loans on 4-unit properties.
atlas-national-2018-2025.csv,conventional_pct,number,percent,"Conventional share of total_loans, percent, 1 decimal."
atlas-national-2018-2025.csv,fha_pct,number,percent,"FHA share of total_loans, percent, 1 decimal."
atlas-national-2018-2025.csv,va_pct,number,percent,"VA share of total_loans, percent, 1 decimal."
atlas-national-2018-2025.csv,median_borrower_income,integer,US dollars,"Median applicant income, US dollars, all qualifying loans nationwide with income reported."
atlas-national-2018-2025.csv,median_loan_amount,integer,US dollars,"Median loan amount, US dollars, computed from HMDA public-file loan amounts (disclosed as the midpoint of $10,000 bands), so approximate. Blank on three_year_total rows."
atlas-metro-2018-2025.csv and atlas-metro-2025.csv,cbsa_code,string,,CBSA or Metropolitan Division code. Authoritative join key; metro_name is not unique.
atlas-metro-2018-2025.csv and atlas-metro-2025.csv,metro_name,string,,"HMDA MSA/MD name as published, UTF-8, uppercase. 14 names are shared by multiple codes."
atlas-metro-2018-2025.csv and atlas-metro-2025.csv,year,integer,,Calendar year of origination.
atlas-metro-2018-2025.csv and atlas-metro-2025.csv,is_metro,boolean,,"FALSE for the non-metro buckets (codes 99999 and 0), TRUE otherwise."
atlas-metro-2018-2025.csv and atlas-metro-2025.csv,basis,string,,"single_year, or three_year_total when the metro had fewer than 50 loans that year."
atlas-metro-2018-2025.csv and atlas-metro-2025.csv,years_in_basis,string,,Comma-separated years summed into this row.
atlas-metro-2018-2025.csv and atlas-metro-2025.csv,suppressed_core,boolean,,"TRUE if a headline count (total, unit, or loan-type) was hidden by the under-10 rule."
atlas-metro-2018-2025.csv and atlas-metro-2025.csv,suppressed_detail,boolean,,"TRUE if only a demographic, age or LTV detail cell was hidden. TRUE on most rows."
atlas-metro-2018-2025.csv and atlas-metro-2025.csv,suppressed_cells,integer,cells,Number of cells hidden on this row.
atlas-metro-2018-2025.csv and atlas-metro-2025.csv,total_loans,integer,loans,Qualifying owner-occupant 2-4 unit purchase loans.
atlas-metro-2018-2025.csv and atlas-metro-2025.csv,loans_2unit,integer,loans,Loans on 2-unit properties.
atlas-metro-2018-2025.csv and atlas-metro-2025.csv,loans_3unit,integer,loans,Loans on 3-unit properties.
atlas-metro-2018-2025.csv and atlas-metro-2025.csv,loans_4unit,integer,loans,Loans on 4-unit properties.
atlas-metro-2018-2025.csv and atlas-metro-2025.csv,conventional_loans,integer,loans,HMDA loan_type=1.
atlas-metro-2018-2025.csv and atlas-metro-2025.csv,fha_loans,integer,loans,HMDA loan_type=2.
atlas-metro-2018-2025.csv and atlas-metro-2025.csv,va_loans,integer,loans,HMDA loan_type=3.
atlas-metro-2018-2025.csv and atlas-metro-2025.csv,usda_loans,integer,loans,HMDA loan_type=4 (RHS/FSA); rare on 2-4 units.
atlas-metro-2018-2025.csv and atlas-metro-2025.csv,conventional_pct,number,percent,"Conventional share of total_loans, percent, 1 decimal. Computed before cell suppression, so it can be present where the count is blank."
atlas-metro-2018-2025.csv and atlas-metro-2025.csv,fha_pct,number,percent,"FHA share of total_loans, percent, 1 decimal. Computed before cell suppression."
atlas-metro-2018-2025.csv and atlas-metro-2025.csv,va_pct,number,percent,"VA share of total_loans, percent, 1 decimal. Computed before cell suppression."
atlas-metro-2018-2025.csv and atlas-metro-2025.csv,usda_pct,number,percent,"USDA (RHS/FSA) share of total_loans, percent, 1 decimal. Computed before cell suppression."
atlas-metro-2018-2025.csv and atlas-metro-2025.csv,median_borrower_income,integer,US dollars,"Median applicant income relied on in the credit decision, US dollars (HMDA reports thousands; multiplied by 1,000). Loans with no income reported are excluded; base in loans_with_income_reported. Blank on three_year_total rows."
atlas-metro-2018-2025.csv and atlas-metro-2025.csv,income_p25,integer,US dollars,"25th percentile applicant income, US dollars. Blank on three_year_total rows."
atlas-metro-2018-2025.csv and atlas-metro-2025.csv,income_p75,integer,US dollars,"75th percentile applicant income, US dollars. Blank on three_year_total rows."
atlas-metro-2018-2025.csv and atlas-metro-2025.csv,median_loan_amount,integer,US dollars,"Median loan amount, US dollars, computed from HMDA public-file loan amounts (disclosed as the midpoint of $10,000 bands), so approximate. Blank on three_year_total rows."
atlas-metro-2018-2025.csv and atlas-metro-2025.csv,median_interest_rate,number,percent,"Median note rate, percent, among loans with a reported rate (base in loans_with_rate_reported). Partially exempt lenders do not report rates. Blank on three_year_total rows."
atlas-metro-2018-2025.csv and atlas-metro-2025.csv,loans_with_income_reported,integer,loans,Denominator behind the income medians.
atlas-metro-2018-2025.csv and atlas-metro-2025.csv,loans_with_rate_reported,integer,loans,Denominator behind median_interest_rate.
atlas-metro-2018-2025.csv and atlas-metro-2025.csv,investor_loans,integer,loans,Same filters with occupancy_type=3. Comparison only; not part of total_loans.
atlas-metro-2018-2025.csv and atlas-metro-2025.csv,business_purpose_loans,integer,loans,Loans flagged business or commercial purpose.
atlas-metro-2018-2025.csv and atlas-metro-2025.csv,ltv_le80,integer,loans,Loans with combined LTV 80% or less.
atlas-metro-2018-2025.csv and atlas-metro-2025.csv,ltv_80_90,integer,loans,Loans with combined LTV over 80 up to 90%.
atlas-metro-2018-2025.csv and atlas-metro-2025.csv,ltv_90_95,integer,loans,Loans with combined LTV over 90 up to 95%.
atlas-metro-2018-2025.csv and atlas-metro-2025.csv,ltv_95_97,integer,loans,Loans with combined LTV over 95 up to 97%.
atlas-metro-2018-2025.csv and atlas-metro-2025.csv,ltv_gt97,integer,loans,Loans with combined LTV over 97%.
atlas-metro-2018-2025.csv and atlas-metro-2025.csv,ltv_na,integer,loans,Loans with combined LTV not reported.
atlas-metro-2018-2025.csv and atlas-metro-2025.csv,ltv_conv_le80,integer,loans,Conventional loans with combined LTV 80% or less.
atlas-metro-2018-2025.csv and atlas-metro-2025.csv,ltv_conv_80_90,integer,loans,Conventional loans with combined LTV over 80 up to 90%.
atlas-metro-2018-2025.csv and atlas-metro-2025.csv,ltv_conv_90_95,integer,loans,Conventional loans with combined LTV over 90 up to 95%.
atlas-metro-2018-2025.csv and atlas-metro-2025.csv,ltv_conv_95_97,integer,loans,Conventional loans with combined LTV over 95 up to 97%.
atlas-metro-2018-2025.csv and atlas-metro-2025.csv,ltv_conv_gt97,integer,loans,Conventional loans with combined LTV over 97%.
atlas-metro-2018-2025.csv and atlas-metro-2025.csv,ltv_conv_na,integer,loans,Conventional loans with combined LTV not reported.
atlas-metro-2018-2025.csv and atlas-metro-2025.csv,race_white,integer,loans,Loans by HMDA derived race: white.
atlas-metro-2018-2025.csv and atlas-metro-2025.csv,race_black_or_african_american,integer,loans,Loans by HMDA derived race: black or african american.
atlas-metro-2018-2025.csv and atlas-metro-2025.csv,race_asian,integer,loans,Loans by HMDA derived race: asian.
atlas-metro-2018-2025.csv and atlas-metro-2025.csv,race_american_indian_or_alaska_native,integer,loans,Loans by HMDA derived race: american indian or alaska native.
atlas-metro-2018-2025.csv and atlas-metro-2025.csv,race_native_hawaiian_or_other_pacific_islander,integer,loans,Loans by HMDA derived race: native hawaiian or other pacific islander.
atlas-metro-2018-2025.csv and atlas-metro-2025.csv,race_two_or_more_minority_races,integer,loans,Loans by HMDA derived race: two or more minority races.
atlas-metro-2018-2025.csv and atlas-metro-2025.csv,race_joint,integer,loans,Loans by HMDA derived race: joint.
atlas-metro-2018-2025.csv and atlas-metro-2025.csv,race_not_available,integer,loans,Loans by HMDA derived race: not available.
atlas-metro-2018-2025.csv and atlas-metro-2025.csv,race_free_form_text_only,integer,loans,Loans by HMDA derived race: free form text only.
atlas-metro-2018-2025.csv and atlas-metro-2025.csv,eth_hispanic_or_latino,integer,loans,Loans by HMDA derived ethnicity: hispanic or latino.
atlas-metro-2018-2025.csv and atlas-metro-2025.csv,eth_not_hispanic_or_latino,integer,loans,Loans by HMDA derived ethnicity: not hispanic or latino.
atlas-metro-2018-2025.csv and atlas-metro-2025.csv,eth_joint,integer,loans,Loans by HMDA derived ethnicity: joint.
atlas-metro-2018-2025.csv and atlas-metro-2025.csv,eth_not_available,integer,loans,Loans by HMDA derived ethnicity: not available.
atlas-metro-2018-2025.csv and atlas-metro-2025.csv,eth_free_form_text_only,integer,loans,Loans by HMDA derived ethnicity: free form text only.
atlas-metro-2018-2025.csv and atlas-metro-2025.csv,sex_male,integer,loans,Loans by HMDA derived sex: male.
atlas-metro-2018-2025.csv and atlas-metro-2025.csv,sex_female,integer,loans,Loans by HMDA derived sex: female.
atlas-metro-2018-2025.csv and atlas-metro-2025.csv,sex_joint,integer,loans,Loans by HMDA derived sex: joint.
atlas-metro-2018-2025.csv and atlas-metro-2025.csv,sex_not_available,integer,loans,Loans by HMDA derived sex: not available.
atlas-metro-2018-2025.csv and atlas-metro-2025.csv,age_under25,integer,loans,Loans by applicant age group: under25.
atlas-metro-2018-2025.csv and atlas-metro-2025.csv,age_25_34,integer,loans,Loans by applicant age group: 25-34.
atlas-metro-2018-2025.csv and atlas-metro-2025.csv,age_35_44,integer,loans,Loans by applicant age group: 35-44.
atlas-metro-2018-2025.csv and atlas-metro-2025.csv,age_45_54,integer,loans,Loans by applicant age group: 45-54.
atlas-metro-2018-2025.csv and atlas-metro-2025.csv,age_55_64,integer,loans,Loans by applicant age group: 55-64.
atlas-metro-2018-2025.csv and atlas-metro-2025.csv,age_65_74,integer,loans,Loans by applicant age group: 65-74.
atlas-metro-2018-2025.csv and atlas-metro-2025.csv,age_over74,integer,loans,Loans by applicant age group: over74.
atlas-metro-2018-2025.csv and atlas-metro-2025.csv,age_not_applicable,integer,loans,Loans by applicant age group: not-applicable (HMDA code 8888).
