cbsa_code,metro_name,year,is_metro,basis,years_in_basis,suppressed_core,suppressed_detail,suppressed_cells,total_loans,loans_2unit,loans_3unit,loans_4unit,conventional_loans,fha_loans,va_loans,usda_loans,conventional_pct,fha_pct,va_pct,usda_pct,median_borrower_income,income_p25,income_p75,median_loan_amount,median_interest_rate,loans_with_income_reported,loans_with_rate_reported,investor_loans,business_purpose_loans,ltv_le80,ltv_80_90,ltv_90_95,ltv_95_97,ltv_gt97,ltv_na,ltv_conv_le80,ltv_conv_80_90,ltv_conv_90_95,ltv_conv_95_97,ltv_conv_gt97,ltv_conv_na,race_white,race_black_or_african_american,race_asian,race_american_indian_or_alaska_native,race_native_hawaiian_or_other_pacific_islander,race_two_or_more_minority_races,race_joint,race_not_available,race_free_form_text_only,eth_hispanic_or_latino,eth_not_hispanic_or_latino,eth_joint,eth_not_available,eth_free_form_text_only,sex_male,sex_female,sex_joint,sex_not_available,age_under25,age_25_34,age_35_44,age_45_54,age_55_64,age_65_74,age_over74,age_not_applicable
10180,ABILENE,2025,TRUE,three_year_total,"2023,2024,2025",TRUE,TRUE,20,61,59,0,,39,,15,0,63.9,11.5,24.6,0.0,,,,,,60,57,121,0,16,,10,,13,10,15,,,0,,,39,,,0,0,0,,15,0,,36,,13,0,20,,27,,,22,15,,,,,0
10380,AGUADILLA,2025,TRUE,three_year_total,"2023,2024,2025",TRUE,TRUE,18,102,87,12,,39,48,15,0,38.2,47.1,14.7,0.0,,,,,,100,101,27,,12,10,,26,35,12,11,,,0,,,91,,0,0,0,0,,,0,90,,0,,0,36,31,32,,,44,28,17,,,,
10420,AKRON,2025,TRUE,single_year,2025,TRUE,TRUE,21,76,67,,,51,18,,0,67.1,23.7,9.2,0.0,81000,60250,111000,215000,6.625,74,72,186,,16,10,22,14,,,15,,21,,,,56,,,,0,,0,,0,,60,,13,0,40,20,11,,12,23,21,,11,,,0
10500,ALBANY,2025,TRUE,three_year_total,"2023,2024,2025",TRUE,TRUE,25,20,16,,,10,,,0,50.0,35.0,15.0,0.0,,,,,,20,16,120,,,0,,,,,,0,,0,,,,10,0,0,0,0,0,,0,0,18,0,,0,12,,,,,,,,,0,0,0
10540,ALBANY,2025,TRUE,three_year_total,"2023,2024,2025",TRUE,TRUE,18,52,45,,,23,22,,0,44.2,42.3,13.5,0.0,,,,,,52,52,52,0,,,12,18,,0,,,10,0,,0,39,0,0,0,,0,0,12,0,,39,,10,0,22,,16,,11,14,13,,,,,0
10580,ALBANY-SCHENECTADY-TROY,2025,TRUE,single_year,2025,FALSE,TRUE,6,555,455,74,26,389,141,25,0,70.1,25.4,4.5,0.0,87000,69000,115000,265000,6.49,551,547,534,40,100,104,187,109,39,16,95,98,167,,18,,271,70,81,,0,,15,111,0,48,408,,93,0,276,152,95,32,67,231,122,74,39,18,,0
10740,ALBUQUERQUE,2025,TRUE,single_year,2025,TRUE,TRUE,18,65,27,17,21,37,19,,0,56.9,29.2,13.8,0.0,116000,73000,146000,355000,6.609,65,65,75,,,,24,16,,,,,22,0,0,,41,,,,0,0,,18,0,33,15,,14,0,29,13,17,,,22,15,,10,,0,0
10780,ALEXANDRIA,2025,TRUE,three_year_total,"2023,2024,2025",TRUE,TRUE,20,25,21,,,20,,,0,80.0,12.0,8.0,0.0,,,,,,24,12,122,,,,0,,,14,,,0,0,0,13,20,,0,0,0,0,0,0,0,0,25,0,0,0,,,15,0,0,,,,,,,0
10900,ALLENTOWN-BETHLEHEM-EASTON,2025,TRUE,single_year,2025,TRUE,TRUE,11,134,113,18,,77,50,,0,57.5,37.3,5.2,0.0,92000,73000,120000,305000,6.625,134,126,210,,20,20,37,30,12,15,18,15,33,0,,,75,17,,,0,0,0,33,0,47,62,,22,0,65,31,30,,12,67,25,19,,,0,0
11020,ALTOONA,2025,TRUE,three_year_total,"2023,2024,2025",TRUE,TRUE,25,26,21,,,20,,,0,76.9,19.2,3.8,0.0,,,,,,25,21,111,0,,,,,,,,,,0,,,21,,0,0,0,0,,,0,0,23,0,,0,17,,,,,11,,0,,0,0,0
11100,AMARILLO,2025,TRUE,three_year_total,"2023,2024,2025",TRUE,TRUE,32,28,19,,,12,10,,0,42.9,35.7,21.4,0.0,,,,,,28,23,120,,,,,,,,,,,0,0,,18,,,,0,0,,,0,,18,,,0,13,,,,,,,,,,0,
11180,AMES,2025,TRUE,three_year_total,"2023,2024,2025",TRUE,TRUE,30,34,31,,,21,11,,0,61.8,32.4,5.9,0.0,,,,,,33,26,82,0,,,,,,,,,,0,,,27,,,,0,0,,,0,,29,,,0,14,,,,,14,,,,,0,0
11200,AMHERST TOWN-NORTHAMPTON,2025,TRUE,single_year,2025,TRUE,TRUE,19,66,59,,,45,19,,0,68.2,28.8,3.0,0.0,111500,87250,141750,385000,6.313,66,62,48,,18,,17,15,,,17,,15,,,,47,,,0,0,0,,12,0,,46,0,13,0,26,17,19,,,21,21,10,,,0,0
11244,ANAHEIM-SANTA ANA-IRVINE,2025,TRUE,single_year,2025,TRUE,TRUE,16,99,70,15,14,83,11,,0,83.8,11.1,5.1,0.0,339000,247500,638750,1195000,6.624,96,99,243,,68,15,,10,,,66,12,,,,,52,0,13,0,0,,,30,0,20,47,,29,0,44,10,32,13,,28,33,13,13,,,
11260,ANCHORAGE,2025,TRUE,single_year,2025,FALSE,TRUE,5,304,192,28,84,120,92,92,0,39.5,30.3,30.3,0.0,128000,100500,175500,495000,6.25,295,304,73,31,39,34,76,71,70,14,37,26,57,0,0,0,176,13,34,15,,,12,47,0,34,223,,40,0,144,62,77,21,43,130,72,26,22,,,0
11460,ANN ARBOR,2025,TRUE,three_year_total,"2023,2024,2025",TRUE,TRUE,18,45,41,,0,34,11,0,0,75.6,24.4,0.0,0.0,,,,,,44,45,96,0,,10,16,,,0,,10,16,0,0,0,30,,,0,0,0,,,0,,36,0,,0,23,,11,,,22,,,,,0,0
11500,ANNISTON-OXFORD,2025,TRUE,three_year_total,"2023,2024,2025",TRUE,TRUE,30,,,,,,,,0,62.5,25.0,12.5,0.0,,,,,,,,33,0,,0,,,,,,0,,0,0,,,,,0,0,0,0,,0,0,,0,,0,,,,,0,,,,0,0,0,0
11540,APPLETON,2025,TRUE,single_year,2025,TRUE,TRUE,16,77,73,,,65,11,,0,84.4,14.3,1.3,0.0,86000,66000,128000,285000,6.375,77,61,93,,14,11,22,10,,18,14,11,22,0,0,18,67,,,,0,0,0,,0,,64,,,0,34,13,28,,15,28,14,,,,0,0
11640,ARECIBO,2025,TRUE,three_year_total,"2023,2024,2025",TRUE,TRUE,16,77,68,,,21,41,15,0,27.3,53.2,19.5,0.0,,,,,,77,75,25,0,,,,12,31,17,,,,0,,,71,,0,0,0,0,0,,0,74,,0,,0,35,19,23,0,,28,17,13,12,,0,0
11694,ARLINGTON-ALEXANDRIA-RESTON,2025,TRUE,three_year_total,"2024,2025",TRUE,TRUE,26,44,37,,,34,,,0,77.3,4.5,18.2,0.0,,,,,,44,30,54,0,18,,,,,14,17,,,0,0,14,26,,,0,,0,,,0,,31,,,0,,,27,,,,12,12,,,,0
11700,ASHEVILLE,2025,TRUE,three_year_total,"2023,2024,2025",TRUE,TRUE,18,78,71,,,64,12,,0,82.1,15.4,2.6,0.0,,,,,,77,75,85,0,31,,11,,,20,29,,10,0,,19,61,,,,0,0,,12,0,,56,,13,0,29,16,25,,,20,22,12,13,,,0
12020,ATHENS-CLARKE COUNTY,2025,TRUE,three_year_total,"2023,2024,2025",TRUE,TRUE,21,53,51,,,31,19,,0,58.5,35.8,5.7,0.0,,,,,,52,43,116,0,,,12,15,,12,,,10,0,0,11,40,,,0,0,0,,,0,13,34,,,0,23,16,12,,,21,,,,,0,
12054,ATLANTA-SANDY SPRINGS-ROSWELL,2025,TRUE,single_year,2025,TRUE,TRUE,13,167,131,16,20,103,46,18,0,61.7,27.5,10.8,0.0,130000,98250,197000,395000,6.625,166,163,256,,32,18,47,30,30,10,31,17,43,0,,,53,55,,,,,,47,0,18,110,,37,0,76,47,21,23,,58,50,32,,,,0
12100,ATLANTIC CITY-HAMMONTON,2025,TRUE,three_year_total,"2023,2024,2025",TRUE,TRUE,13,163,139,16,,103,55,,0,63.2,33.7,3.1,0.0,,,,,,162,161,309,,50,27,20,32,22,12,48,24,16,0,,,106,,30,,0,0,,15,0,28,122,,12,0,80,37,42,,16,50,37,34,15,,,
12220,AUBURN-OPELIKA,2025,TRUE,three_year_total,"2023,2024,2025",TRUE,TRUE,26,18,18,0,0,15,0,,0,83.3,0.0,16.7,0.0,,,,,,18,18,78,0,,,,,,,,,,,0,,16,,0,0,0,0,0,,0,,15,0,,0,,,,,,,,,,,0,0
12260,AUGUSTA-RICHMOND COUNTY,2025,TRUE,three_year_total,"2023,2024,2025",TRUE,TRUE,21,52,44,,,31,,15,0,59.6,11.5,28.8,0.0,,,,,,50,42,140,,,,,,13,17,,,,0,,14,30,,0,,0,0,0,13,0,,36,0,12,0,23,10,13,,,17,10,,,,,0
12420,AUSTIN-ROUND ROCK-SAN MARCOS,2025,TRUE,single_year,2025,TRUE,TRUE,12,131,122,,,89,27,15,0,67.9,20.6,11.5,0.0,141000,110250,204500,465000,6.375,130,121,177,,36,18,30,20,13,14,33,15,27,,0,12,72,12,15,0,,0,,26,0,31,77,,20,0,67,33,23,,14,51,37,19,,,,
12540,BAKERSFIELD-DELANO,2025,TRUE,single_year,2025,TRUE,TRUE,15,84,57,12,15,44,36,,0,52.4,42.9,4.8,0.0,104500,77750,156750,335000,6.625,84,84,187,,17,,26,28,,,16,,23,0,,0,52,,,,0,0,,21,0,49,18,0,17,0,44,19,18,,14,36,21,,,,0,0
12580,BALTIMORE-COLUMBIA-TOWSON,2025,TRUE,single_year,2025,FALSE,TRUE,8,222,157,45,20,110,77,35,0,49.5,34.7,15.8,0.0,120500,87000,172000,335000,6.5,220,213,219,14,30,10,56,68,42,16,30,,51,0,12,,68,89,,,0,0,,51,0,19,166,,35,0,104,71,31,16,17,81,58,33,24,,,0
12620,BANGOR,2025,TRUE,single_year,2025,TRUE,TRUE,22,63,52,,,27,29,,0,42.9,46.0,11.1,0.0,82000,70250,109000,285000,6.499,62,61,50,0,10,,13,22,,,,,10,0,0,,48,,,,0,,,,0,0,55,,,0,31,,21,,22,19,,10,,,0,0
12700,BARNSTABLE TOWN,2025,TRUE,three_year_total,"2023,2024,2025",TRUE,TRUE,20,66,57,,,47,16,,0,71.2,24.2,4.5,0.0,,,,,,65,55,83,,26,,10,10,,12,25,,,0,,11,48,,0,,0,0,,11,0,,45,,,0,28,12,22,,,14,23,,11,,0,
12940,BATON ROUGE,2025,TRUE,single_year,2025,TRUE,TRUE,18,64,42,,21,26,28,10,0,40.6,43.8,15.6,0.0,95000,79000,119000,280000,6.625,62,58,69,,,,10,23,15,10,,,,0,,10,19,32,,,0,0,0,11,0,,50,0,10,0,33,17,10,,,29,,,,,,0
12980,BATTLE CREEK,2025,TRUE,three_year_total,"2023,2024,2025",TRUE,TRUE,24,42,35,,,32,,,0,76.2,21.4,2.4,0.0,,,,,,40,40,38,0,15,,,,,,15,,,0,,,32,,0,0,0,0,0,,0,,39,0,,0,15,17,,,,14,,10,,,,0
13020,BAY CITY,2025,TRUE,three_year_total,"2023,2024,2025",TRUE,TRUE,26,23,17,,,15,,,0,65.2,26.1,8.7,0.0,,,,,,23,22,63,0,,,,,,,,,,,0,,21,,0,,0,0,0,0,0,0,19,,,0,13,,,0,,,,,0,,0,0
13140,BEAUMONT-PORT ARTHUR,2025,TRUE,three_year_total,"2023,2024,2025",TRUE,TRUE,25,30,26,0,,14,11,,0,46.7,36.7,16.7,0.0,,,,,,30,29,91,0,,,,,,,,,,0,0,,18,,,0,0,0,0,,0,,20,,,0,18,,,0,,10,,,,,0,0
13220,BECKLEY,2025,TRUE,three_year_total,"2023,2024,2025",TRUE,TRUE,21,18,17,,0,18,0,0,0,100.0,0.0,0.0,0.0,,,,,,18,12,35,0,,,,0,,14,,,,0,,14,16,,0,0,0,0,0,0,0,0,16,0,,0,,,,,,,,,,,0,0
13380,BELLINGHAM,2025,TRUE,three_year_total,"2023,2024,2025",TRUE,TRUE,23,101,85,,,83,14,,0,82.2,13.9,4.0,0.0,,,,,,98,100,69,,66,,15,,,,65,,,0,,,73,,,,0,0,,11,0,,84,,12,0,30,11,56,,,27,35,10,12,,,
13460,BEND,2025,TRUE,three_year_total,"2023,2024,2025",TRUE,TRUE,15,82,69,,,58,21,,0,70.7,25.6,3.7,0.0,,,,,,78,81,57,0,41,,14,14,,,38,,14,0,0,,55,0,,0,0,0,0,24,0,,50,,23,0,30,13,27,12,,36,19,12,,0,,
13740,BILLINGS,2025,TRUE,three_year_total,"2023,2024,2025",TRUE,TRUE,16,95,81,,,71,19,,0,74.7,20.0,5.3,0.0,,,,,,90,82,163,,33,14,13,17,,13,33,12,13,0,0,13,84,0,,,0,0,,,0,,78,,,0,32,12,47,,12,28,20,,14,,,0
13780,BINGHAMTON,2025,TRUE,single_year,2025,TRUE,TRUE,20,53,49,,,39,14,0,0,73.6,26.4,0.0,0.0,85000,60000,103000,155000,6.563,53,52,136,,16,,16,11,,,16,,15,0,,,25,,12,0,0,0,,,0,,42,0,,0,31,11,,,,19,11,,,,0,0
13820,BIRMINGHAM,2025,TRUE,three_year_total,"2023,2024,2025",TRUE,TRUE,22,91,81,,,73,13,,0,80.2,14.3,5.5,0.0,,,,,,91,70,170,,18,,,,10,39,18,,,,,35,60,18,,0,0,,,,0,,75,0,,0,36,26,27,,,28,22,13,,,,0
13900,BISMARCK,2025,TRUE,three_year_total,"2023,2024,2025",TRUE,TRUE,17,80,72,0,,39,35,,0,48.8,43.8,7.5,0.0,,,,,,80,66,101,0,10,,14,14,24,17,10,0,13,0,,12,65,,,,0,0,,,0,,67,,,0,44,11,23,,23,30,12,,,,,0
13980,BLACKSBURG-CHRISTIANSBURG-RADFORD,2025,TRUE,three_year_total,"2023,2024,2025",TRUE,TRUE,20,25,20,,,25,0,0,0,100.0,0.0,0.0,0.0,,,,,,25,,54,0,0,,,0,0,23,0,,,0,0,23,23,0,0,0,0,0,0,,0,0,20,,,0,10,,,,,,,,,,,0
14010,BLOOMINGTON,2025,TRUE,three_year_total,"2023,2024,2025",TRUE,TRUE,29,40,30,,,26,11,,0,65.0,27.5,7.5,0.0,,,,,,40,34,128,0,,,,,,,,,,0,,,32,,,0,0,0,,,0,,34,,,0,22,,,,,15,,,,,0,0
14020,BLOOMINGTON,2025,TRUE,three_year_total,"2023,2024,2025",TRUE,TRUE,25,32,28,,,23,,,0,71.9,21.9,6.2,0.0,,,,,,31,21,56,0,,,,,,11,,,,0,,11,28,,0,0,0,0,0,,0,0,29,0,,0,12,,14,,,,,,,,,0
14260,BOISE CITY,2025,TRUE,three_year_total,"2023,2024,2025",TRUE,TRUE,14,136,121,,,96,28,12,0,70.6,20.6,8.8,0.0,,,,,,132,135,211,,68,13,23,20,,,65,12,16,,0,,94,,,,0,0,,30,0,17,90,,28,0,55,18,48,15,18,34,29,16,15,16,,
14454,BOSTON,2025,TRUE,single_year,2025,FALSE,TRUE,4,775,592,170,13,534,213,28,0,68.9,27.5,3.6,0.0,185500,152000,244000,805000,6.375,766,759,632,45,231,123,217,145,37,22,221,110,164,10,13,16,364,189,80,,,,24,110,0,191,472,24,88,0,283,170,285,37,36,291,231,120,69,25,,0
14500,BOULDER,2025,TRUE,three_year_total,"2023,2024,2025",TRUE,TRUE,22,50,37,,,41,,,0,82.0,12.0,6.0,0.0,,,,,,48,49,92,0,28,,,,,,27,,,0,0,,37,0,0,,0,0,0,12,0,,30,,10,0,14,,25,,,,12,,,11,0,
14540,BOWLING GREEN,2025,TRUE,three_year_total,"2023,2024,2025",TRUE,TRUE,19,68,60,,,58,,,,85.3,10.3,2.9,1.5,,,,,,67,51,187,,32,,,,,19,32,,,0,0,18,64,,0,0,0,0,0,0,0,,59,,,0,28,13,27,0,,13,11,13,11,,,0
14580,BOZEMAN,2025,TRUE,three_year_total,"2024,2025",TRUE,TRUE,22,41,30,10,,37,,,0,90.2,4.9,4.9,0.0,,,,,,39,36,43,,28,,,0,0,,26,,,0,0,,32,0,0,0,0,0,0,,0,,29,,,0,,,28,,,13,14,,,0,,
14740,BREMERTON-SILVERDALE-PORT ORCHARD,2025,TRUE,three_year_total,"2023,2024,2025",TRUE,TRUE,16,92,81,,,41,26,25,0,44.6,28.3,27.2,0.0,,,,,,92,92,69,,27,,18,18,19,,25,,12,0,0,0,54,,,0,,,,22,0,,62,,21,0,32,17,34,,11,27,27,11,12,,,0
14860,BRIDGEPORT-STAMFORD-DANBURY,2025,TRUE,single_year,2025,TRUE,TRUE,10,279,230,42,,189,85,,0,67.7,30.5,1.8,0.0,149000,120000,196000,565000,6.625,277,270,251,,75,50,72,49,22,11,72,45,53,0,,10,140,50,36,0,0,,,46,0,117,128,,30,0,129,56,86,,15,88,98,48,20,,,0
15180,BROWNSVILLE-HARLINGEN,2025,TRUE,single_year,2025,TRUE,TRUE,20,63,49,,12,25,31,,0,39.7,49.2,11.1,0.0,89500,76000,130250,305000,6.25,62,62,49,,12,,13,20,,,11,,,0,0,,56,,,0,0,0,0,,0,51,,,,0,37,13,11,,11,27,14,,,,,0
15260,BRUNSWICK-ST. SIMONS,2025,TRUE,three_year_total,"2023,2024,2025",TRUE,TRUE,27,42,38,,,39,,,0,92.9,4.8,2.4,0.0,,,,,,41,37,65,,17,,,,,11,17,,,0,,11,34,,,0,0,,,,0,,35,,,0,16,,17,,,,15,,10,,,0
15380,BUFFALO-CHEEKTOWAGA,2025,TRUE,single_year,2025,TRUE,TRUE,6,875,799,53,23,602,236,37,0,68.8,27.0,4.2,0.0,75000,57250,110000,225000,6.5,862,873,490,,188,124,271,188,94,10,180,106,244,11,59,,499,115,139,,,,13,101,0,56,725,,85,0,474,244,132,25,103,364,223,93,57,23,12,0
15500,BURLINGTON,2025,TRUE,three_year_total,"2023,2024,2025",TRUE,TRUE,34,11,,,,,,,0,54.5,36.4,9.1,0.0,,,,,,11,11,44,0,,,,,,,,,,0,0,,,,,0,0,0,,,0,,,,,0,,,,0,,,,,,,0,0
15540,BURLINGTON-SOUTH BURLINGTON,2025,TRUE,single_year,2025,TRUE,TRUE,21,73,60,,,63,,,0,86.3,9.6,4.1,0.0,126000,102000,185000,435000,6.5,73,70,58,,31,,19,,,,31,,17,,,,51,,,0,0,0,,15,0,,52,,17,0,31,,25,11,,33,17,11,,0,0,0
15764,CAMBRIDGE-NEWTON-FRAMINGHAM,2025,TRUE,single_year,2025,FALSE,TRUE,6,1005,821,155,29,692,294,19,0,68.9,29.3,1.9,0.0,176000,147000,230000,755000,6.375,995,954,789,56,317,124,242,223,47,52,311,109,192,,21,51,621,73,99,,,,21,174,0,381,494,28,101,,357,190,422,36,47,403,304,158,67,25,,0
15804,CAMDEN,2025,TRUE,single_year,2025,TRUE,TRUE,17,94,85,,,46,38,10,0,48.9,40.4,10.6,0.0,98000,84000,132000,325000,6.625,93,94,134,,13,,29,21,21,,11,,24,0,,,47,21,,,0,,,19,0,25,55,,13,0,51,28,12,,12,35,21,16,,,,0
15940,CANTON-MASSILLON,2025,TRUE,single_year,2025,TRUE,TRUE,21,67,61,,,41,21,,0,61.2,31.3,7.5,0.0,63500,49250,90000,175000,6.625,66,63,104,,12,,19,17,,,12,,19,0,0,,48,,,0,0,0,,,0,,56,0,,0,37,,16,,22,20,12,,,,,0
15980,CAPE CORAL-FORT MYERS,2025,TRUE,single_year,2025,TRUE,TRUE,13,263,259,,,81,166,16,0,30.8,63.1,6.1,0.0,114000,98000,140000,495000,6.49,261,259,174,0,33,11,44,139,29,,33,10,33,0,,,153,61,,,,,,36,0,128,107,,24,0,113,71,73,,25,76,72,48,21,12,,0
16020,CAPE GIRARDEAU,2025,TRUE,three_year_total,"2023,2024,2025",TRUE,TRUE,25,26,25,,0,21,,0,0,80.8,19.2,0.0,0.0,,,,,,26,22,133,,10,,,,,,10,,,0,,,23,,0,,0,0,0,,0,0,24,0,,0,10,,12,,,,,,,,,0
16180,CARSON CITY,2025,TRUE,three_year_total,"2023,2024,2025",TRUE,TRUE,27,,,0,,,,,0,57.1,14.3,28.6,0.0,,,,,,,,15,,,0,,0,,0,,0,0,0,0,0,,0,0,0,0,0,0,,0,0,,,,0,,,,,,,,,,0,0,0
16220,CASPER,2025,TRUE,three_year_total,"2023,2024,2025",TRUE,TRUE,25,16,,,,,,,0,56.2,37.5,6.2,0.0,,,,,,16,16,64,,,,,,,0,,,,0,0,0,13,0,0,0,0,0,0,,0,,11,0,,0,11,,,0,,,,,,0,0,0
16300,CEDAR RAPIDS,2025,TRUE,three_year_total,"2023,2024,2025",TRUE,TRUE,25,56,43,,,44,11,,0,78.6,19.6,1.8,0.0,,,,,,56,42,269,0,11,,,,,14,10,,,,,14,39,,,,0,0,,,0,,44,,,0,27,14,11,,15,14,,,,,,0
16540,CHAMBERSBURG,2025,TRUE,three_year_total,"2023,2024,2025",TRUE,TRUE,22,66,58,,,38,26,,0,57.6,39.4,3.0,0.0,,,,,,66,64,97,,,,19,19,,,,,18,0,,,53,,,0,0,0,0,,0,24,36,,,0,35,13,15,,15,27,,,,,0,0
16580,CHAMPAIGN-URBANA,2025,TRUE,three_year_total,"2023,2024,2025",TRUE,TRUE,26,31,29,,0,26,,0,0,83.9,16.1,0.0,0.0,,,,,,31,26,164,0,,,10,,,,,,10,0,0,,17,,,,,0,0,,0,,19,,,0,15,,,,,10,,,,,0,0
16620,CHARLESTON,2025,TRUE,three_year_total,"2023,2024,2025",TRUE,TRUE,25,40,33,,,27,,,0,67.5,22.5,10.0,0.0,,,,,,39,29,80,,,,,,,16,,,,0,,16,32,,,0,0,0,0,,0,0,33,,,0,16,10,13,,,13,,,,,0,0
16700,CHARLESTON-NORTH CHARLESTON,2025,TRUE,single_year,2025,TRUE,TRUE,24,61,54,,,48,,,0,78.7,11.5,9.8,0.0,205500,102500,348000,685000,6.625,60,48,50,,23,,,,,18,23,,,0,,18,45,,,0,0,0,0,,0,,46,0,,0,29,10,20,,,25,13,,,,,
16740,CHARLOTTE-CONCORD-GASTONIA,2025,TRUE,single_year,2025,TRUE,TRUE,16,87,81,,,61,20,,0,70.1,23.0,6.9,0.0,122500,85250,166250,385000,6.624,86,83,140,0,17,,22,14,,19,16,,21,0,,17,45,18,,,0,0,,18,0,10,57,,16,0,35,20,27,,,35,20,11,,,,0
16820,CHARLOTTESVILLE,2025,TRUE,three_year_total,"2023,2024,2025",TRUE,TRUE,27,17,15,,0,16,,0,0,94.1,5.9,0.0,0.0,,,,,,17,15,56,,,0,,0,,,,0,,0,,,14,,0,0,0,0,,,0,0,13,,,0,,,,,,,,,,,,0
16860,CHATTANOOGA,2025,TRUE,single_year,2025,TRUE,TRUE,20,70,67,,,57,13,0,0,81.4,18.6,0.0,0.0,90500,68250,129750,265000,6.875,70,58,158,,12,,22,,,18,11,,21,0,0,18,57,,,,0,0,,,0,,50,,,0,25,11,30,,,25,16,10,,,,0
16940,CHEYENNE,2025,TRUE,three_year_total,"2023,2024,2025",TRUE,TRUE,22,43,26,,13,22,10,11,0,51.2,23.3,25.6,0.0,,,,,,42,37,89,,,,11,,,,,,,0,0,,32,0,,0,0,0,0,,0,,30,0,11,0,16,,13,,,11,13,,,,,
16984,CHICAGO-NAPERVILLE-SCHAUMBURG,2025,TRUE,single_year,2025,FALSE,TRUE,2,2618,1881,511,226,1652,847,119,0,63.1,32.4,4.5,0.0,121000,91000,174000,415000,6.75,2593,2547,1180,174,445,282,851,574,359,107,430,247,780,33,81,81,1245,649,146,24,0,,62,483,0,898,1352,60,308,0,1193,757,535,133,177,993,744,420,193,73,16,
17020,CHICO,2025,TRUE,three_year_total,"2023,2024,2025",TRUE,TRUE,20,63,47,,,45,17,,0,71.4,27.0,1.6,0.0,,,,,,63,63,61,,20,15,13,12,,,20,14,10,0,0,,48,,,,0,0,,,0,,46,,,0,30,13,17,,,23,16,10,,,,0
17140,CINCINNATI,2025,TRUE,single_year,2025,FALSE,TRUE,6,705,609,40,56,574,103,28,0,81.4,14.6,4.0,0.0,118000,82000,180250,355000,7,696,697,472,19,385,49,128,75,50,18,384,39,122,,,17,497,105,11,,0,,,78,0,28,570,12,95,0,253,150,257,45,68,194,136,92,109,75,27,
17300,CLARKSVILLE,2025,TRUE,three_year_total,"2023,2024,2025",TRUE,TRUE,17,101,71,12,18,30,14,57,0,29.7,13.9,56.4,0.0,,,,,,99,91,177,,,,12,,39,30,,,,0,0,15,52,19,,,0,0,,22,0,,66,,25,0,44,21,28,,13,35,26,12,,,,
17410,CLEVELAND,2025,TRUE,single_year,2025,TRUE,TRUE,6,528,465,48,15,359,136,33,0,68.0,25.8,6.2,0.0,86000,62500,131000,215000,6.625,523,486,1103,,90,51,166,110,57,54,88,47,158,11,10,45,323,111,11,,0,0,,77,0,45,410,,67,,279,140,79,30,87,211,98,65,39,21,,0
17420,CLEVELAND,2025,TRUE,three_year_total,"2023,2024,2025",TRUE,TRUE,26,32,28,,,17,13,,0,53.1,40.6,6.2,0.0,,,,,,32,21,85,0,,,,,,16,,,,0,,12,25,,0,,0,0,0,,0,,26,0,,0,14,,,,,11,,,,,,0
17660,COEUR D'ALENE,2025,TRUE,three_year_total,"2023,2024,2025",TRUE,TRUE,18,43,40,,,30,,,0,69.8,18.6,11.6,0.0,,,,,,43,43,42,0,23,,,,,,21,,,0,0,0,31,0,0,0,0,0,,11,0,0,31,,11,0,11,,18,,11,11,10,,,,0,0
17780,COLLEGE STATION-BRYAN,2025,TRUE,three_year_total,"2023,2024,2025",TRUE,TRUE,21,49,39,,,34,11,,0,69.4,22.4,8.2,0.0,,,,,,49,42,177,,18,,,,,10,18,,,0,0,,35,,,0,0,0,0,,0,,32,0,,0,20,11,16,,10,12,12,,,,,0
17820,COLORADO SPRINGS,2025,TRUE,single_year,2025,TRUE,TRUE,23,62,37,,21,33,,25,0,53.2,6.5,40.3,0.0,125500,96500,169250,555000,6.25,62,60,70,,10,,15,,22,,,,15,0,0,,42,,,,0,,,11,0,10,41,,,0,35,,18,,,34,,,0,,,0
17860,COLUMBIA,2025,TRUE,three_year_total,"2023,2024,2025",TRUE,TRUE,13,101,95,,,67,24,10,0,66.3,23.8,9.9,0.0,,,,,,98,65,334,0,17,,13,11,12,40,15,,10,0,,36,72,13,,0,0,0,,11,0,,80,,15,0,39,17,39,,11,38,20,10,,11,,
17900,COLUMBIA,2025,TRUE,three_year_total,"2023,2024,2025",TRUE,TRUE,9,104,87,,10,70,16,18,0,67.3,15.4,17.3,0.0,,,,,,103,97,207,,14,11,23,14,20,22,14,10,22,0,,20,53,28,,0,0,0,,18,0,,73,0,25,0,52,18,23,11,14,27,27,21,,,,0
17980,COLUMBUS,2025,TRUE,three_year_total,"2023,2024,2025",TRUE,TRUE,19,49,28,,15,20,,22,0,40.8,14.3,44.9,0.0,,,,,,49,46,152,,,,11,,19,10,,,10,0,,,20,12,,0,0,0,0,15,0,,28,0,14,0,32,,,,,16,17,,,,0,0
18020,COLUMBUS,2025,TRUE,three_year_total,"2023,2024,2025",TRUE,TRUE,21,13,11,,0,11,,0,0,84.6,15.4,0.0,0.0,,,,,,13,13,24,0,,,,,,0,,,,0,,0,12,0,0,0,0,0,0,,0,,11,0,0,0,,,,0,,,0,,,,0,0
18140,COLUMBUS,2025,TRUE,single_year,2025,TRUE,TRUE,8,374,350,14,10,292,62,20,0,78.1,16.6,5.3,0.0,115000,80000,176000,365000,6.894,369,368,426,,146,24,92,50,49,13,146,22,87,,22,,243,40,18,,0,,,61,0,16,299,,57,0,161,72,115,26,46,119,73,58,34,32,11,
18580,CORPUS CHRISTI,2025,TRUE,three_year_total,"2023,2024,2025",TRUE,TRUE,19,55,40,,10,32,10,13,0,58.2,18.2,23.6,0.0,,,,,,54,48,89,,11,,10,,13,,11,,,0,,,36,,,,0,0,0,11,0,17,24,,13,0,34,,11,,,19,17,,,,0,0
18700,CORVALLIS,2025,TRUE,three_year_total,"2023,2024,2025",TRUE,TRUE,23,31,28,,,25,,,0,80.6,16.1,3.2,0.0,,,,,,30,31,30,0,17,,,,,0,17,,,0,0,0,19,,,0,0,0,,,0,,14,,,0,15,,11,,,14,,0,,0,0,
18880,CRESTVIEW-FORT WALTON BEACH-DESTIN,2025,TRUE,three_year_total,"2023,2024,2025",TRUE,TRUE,26,37,31,,,22,,12,0,59.5,8.1,32.4,0.0,,,,,,37,31,83,0,11,,,,,10,11,,,0,0,,31,0,,,0,0,,,0,,29,,,0,15,,15,,,,,,,,,0
19124,DALLAS-PLANO-IRVING,2025,TRUE,single_year,2025,TRUE,TRUE,10,173,157,,,105,48,20,0,60.7,27.7,11.6,0.0,154000,103000,263500,525000,6.575,171,161,230,,45,13,33,40,25,17,44,13,30,,,13,82,36,12,,0,0,,40,0,34,105,,30,0,85,34,42,12,12,54,47,28,19,,,0
19140,DALTON,2025,TRUE,three_year_total,"2023,2024,2025",TRUE,TRUE,20,70,66,,,28,39,,0,40.0,55.7,4.3,0.0,,,,,,70,69,91,,,11,13,32,,,,,12,0,0,,52,,,,0,0,,10,0,44,20,,,0,42,10,16,,12,31,17,,,,0,0
19300,DAPHNE-FAIRHOPE-FOLEY,2025,TRUE,three_year_total,"2023,2024,2025",TRUE,TRUE,23,38,37,,0,35,,,0,92.1,2.6,5.3,0.0,,,,,,37,33,73,0,21,,,,,,20,,,0,0,,36,0,0,0,0,0,0,,0,0,34,0,,0,,,25,,,,,,,,,0
19340,DAVENPORT-MOLINE-ROCK ISLAND,2025,TRUE,single_year,2025,TRUE,TRUE,19,75,58,,,49,23,,0,65.3,30.7,4.0,0.0,68000,51250,97500,165000,6.125,74,59,158,,10,,15,20,,17,10,,13,,,16,54,10,,0,0,0,,,0,10,54,,,0,46,15,11,,14,20,19,,,,,0
19430,DAYTON-KETTERING-BEAVERCREEK,2025,TRUE,single_year,2025,TRUE,TRUE,16,186,167,,14,162,10,12,,87.1,5.4,6.5,1.1,114000,81000,163000,375000,7.25,186,183,228,,139,,21,,10,,136,,19,0,,,149,13,,,0,,,15,0,,156,,21,0,56,34,88,,11,38,37,22,30,29,19,0
19460,DECATUR,2025,TRUE,three_year_total,"2023,2024,2025",TRUE,TRUE,24,15,10,0,,11,,,0,73.3,13.3,13.3,0.0,,,,,,15,14,42,0,,0,,,,,,0,,0,0,,13,,0,0,0,0,0,,0,0,14,0,,0,,,,,,,,,,,0,0
19500,DECATUR,2025,TRUE,three_year_total,"2023,2024,2025",TRUE,TRUE,24,,,,0,,,0,0,60.0,40.0,0.0,0.0,,,,,,,,49,0,,0,,,0,,,0,,0,0,,,0,0,0,0,0,0,,0,0,,0,0,0,,,,0,0,,,,0,,0,0
19660,DELTONA-DAYTONA BEACH-ORMOND BEACH,2025,TRUE,single_year,2025,TRUE,TRUE,18,53,43,,,29,13,11,0,54.7,24.5,20.8,0.0,130000,92000,192000,405000,6.499,53,53,84,0,10,,15,,10,,10,,10,0,,,34,,,0,0,0,,10,0,,36,,11,0,19,10,17,,,14,13,,,0,,0
19740,DENVER-AURORA-CENTENNIAL,2025,TRUE,single_year,2025,TRUE,TRUE,15,188,137,29,22,140,40,,0,74.5,21.3,4.3,0.0,166000,131000,235000,655000,6.5,185,183,142,,61,33,52,19,14,,58,29,43,,,,130,,,,0,,,37,0,29,126,,29,0,79,45,54,10,14,82,45,23,10,,,
19780,DES MOINES-WEST DES MOINES,2025,TRUE,single_year,2025,TRUE,TRUE,23,64,53,,,48,14,,0,75.0,21.9,3.1,0.0,79000,68000,107000,235000,6.5,63,51,147,,,,21,11,,14,,,20,0,,12,40,,,,0,0,,14,0,,42,,13,0,32,,18,,,26,12,13,,,,
19804,DETROIT-DEARBORN-LIVONIA,2025,TRUE,single_year,2025,TRUE,TRUE,10,287,265,13,,193,79,15,0,67.2,27.5,5.2,0.0,70500,52250,100000,185000,6.625,282,286,311,,46,42,101,65,22,11,42,40,96,,,,93,82,45,,0,,,56,0,26,213,,45,0,148,86,26,27,27,101,76,37,31,13,,0
20020,DOTHAN,2025,TRUE,three_year_total,"2023,2024,2025",TRUE,TRUE,27,,,,0,,0,,0,87.5,0.0,12.5,0.0,,,,,,,,59,0,,0,0,0,,,,0,0,0,,,,,0,0,,0,0,0,0,0,,,0,0,,,,0,0,,,,,,,0
20100,DOVER,2025,TRUE,three_year_total,"2023,2024,2025",TRUE,TRUE,29,23,21,,,12,10,,0,52.2,43.5,4.3,0.0,,,,,,23,23,45,0,,,,,,,,,,0,,,13,,0,0,0,0,,,0,,16,,,0,,,,,,,,,,0,0,0
20220,DUBUQUE,2025,TRUE,three_year_total,"2023,2024,2025",TRUE,TRUE,28,23,21,0,,17,,,0,73.9,17.4,8.7,0.0,,,,,,23,20,120,0,,,,,,,,,,0,0,,16,,,,0,0,,,0,0,20,0,,0,13,,,,,,,,,,0,0
20260,DULUTH,2025,TRUE,three_year_total,"2023,2024,2025",TRUE,TRUE,13,132,118,10,,93,31,,0,70.5,23.5,6.1,0.0,,,,,,131,128,213,,26,24,34,21,20,,26,24,31,0,,,110,,,,0,0,0,13,0,,113,0,16,0,77,21,26,,28,48,25,15,10,,,0
20500,DURHAM-CHAPEL HILL,2025,TRUE,three_year_total,"2023,2024,2025",TRUE,TRUE,15,73,62,,,58,13,,0,79.5,17.8,2.7,0.0,,,,,,73,71,160,,22,10,16,11,,10,22,10,14,0,,10,36,16,,,0,0,,11,0,,57,0,10,0,29,17,20,,,28,25,10,,,,0
20580,EAGLE PASS,2025,TRUE,three_year_total,"2024,2025",TRUE,TRUE,23,15,,,,,10,,0,26.7,66.7,6.7,0.0,,,,,,15,15,,,,,,,,0,,,,0,0,0,14,0,0,0,0,0,0,,0,15,0,0,0,0,,,,0,,,,0,0,,0,0
20740,EAU CLAIRE,2025,TRUE,three_year_total,"2023,2024,2025",TRUE,TRUE,22,86,77,,,65,15,,0,75.6,17.4,7.0,0.0,,,,,,84,68,181,,18,,20,14,,21,18,,19,,,18,69,,,,0,0,0,,0,,73,,,0,48,14,18,,20,30,17,,,,,
20940,EL CENTRO,2025,TRUE,three_year_total,"2023,2024,2025",TRUE,TRUE,24,35,17,,10,13,16,,0,37.1,45.7,17.1,0.0,,,,,,35,35,28,,,,,12,,,,,,0,0,0,26,0,0,0,0,,0,,0,23,,,,0,22,,,,,19,,,,,0,0
20994,ELGIN,2025,TRUE,single_year,2025,TRUE,TRUE,23,72,59,,,48,20,,0,66.7,27.8,5.6,0.0,90000,68000,117500,280000,6.75,72,69,90,,,,27,17,,,,,26,,,,56,,,,0,0,,,0,52,15,,,0,37,17,18,0,12,26,12,14,,,,0
21060,ELIZABETHTOWN,2025,TRUE,three_year_total,"2023,2024,2025",TRUE,TRUE,22,52,44,,,44,,,0,84.6,7.7,7.7,0.0,,,,,,51,24,161,,10,,,,,30,10,,,0,0,30,46,,0,0,0,0,,,0,0,47,,,0,16,14,20,,,13,13,11,,,,
21140,ELKHART-GOSHEN,2025,TRUE,three_year_total,"2023,2024,2025",TRUE,TRUE,17,56,50,,,42,13,,0,75.0,23.2,1.8,0.0,,,,,,56,52,54,,,,21,11,,,,,20,0,0,,49,,0,0,0,0,0,,0,22,30,0,,0,32,12,12,0,13,17,13,,,,0,0
21300,ELMIRA,2025,TRUE,three_year_total,"2023,2024,2025",TRUE,TRUE,31,41,35,,,25,15,,0,61.0,36.6,2.4,0.0,,,,,,40,40,100,0,,,,15,,,,,,0,,,27,,,,,0,,,,,28,,,,23,13,,,,19,,,,0,,0
21340,EL PASO,2025,TRUE,single_year,2025,TRUE,TRUE,20,66,41,16,,30,10,26,0,45.5,15.2,39.4,0.0,107500,85750,154250,285000,6.5,64,66,53,,,,18,,23,,,,15,0,,,45,,0,0,0,0,,16,0,45,,,12,0,32,11,17,,,35,14,,,,,0
21420,ENID,2025,TRUE,three_year_total,"2023,2024,2025",TRUE,TRUE,28,14,12,,,12,,,0,85.7,7.1,7.1,0.0,,,,,,12,,47,0,,,0,0,,,,,0,0,0,,10,,0,0,0,0,0,,0,,,0,,0,,,,,,,,,,,0,
21500,ERIE,2025,TRUE,single_year,2025,TRUE,TRUE,19,55,50,,,38,17,0,0,69.1,30.9,0.0,0.0,66000,48000,96500,135000,6.75,55,55,78,0,,,21,14,,,,,21,,0,0,40,10,,0,0,0,,,0,,48,,,0,28,15,11,,11,20,12,,,,0,0
21660,EUGENE-SPRINGFIELD,2025,TRUE,single_year,2025,TRUE,TRUE,19,60,54,,,33,25,,0,55.0,41.7,3.3,0.0,112500,90000,175250,440000,6.49,60,60,48,,20,,10,22,0,,19,,,0,0,0,43,,,0,,0,0,10,0,11,39,,,0,25,16,15,,,17,19,,,,,0
21780,EVANSVILLE,2025,TRUE,three_year_total,"2023,2024,2025",TRUE,TRUE,24,45,39,,,32,10,,0,71.1,22.2,6.7,0.0,,,,,,45,42,168,0,17,,,,,,17,,,0,0,,36,,,0,0,0,,,0,,38,,,0,20,10,14,,,15,,,,,0,0
21794,EVERETT,2025,TRUE,three_year_total,"2024,2025",TRUE,TRUE,16,123,104,12,,103,14,,0,83.7,11.4,4.9,0.0,,,,,,119,122,140,,74,12,23,,,,73,10,19,0,0,,69,,20,,0,,,21,0,11,85,,26,0,40,20,49,14,,40,33,20,12,,,
21820,FAIRBANKS-COLLEGE,2025,TRUE,single_year,2025,TRUE,TRUE,17,79,55,15,,25,29,25,0,31.6,36.7,31.6,0.0,121000,93000,157000,385000,6.25,73,68,22,,,,12,19,17,18,,,,0,0,,47,,,,0,0,,13,0,,57,,15,0,34,15,23,,12,36,24,,,0,0,0
22020,FARGO,2025,TRUE,three_year_total,"2023,2024,2025",TRUE,TRUE,20,63,42,,17,37,17,,0,58.7,27.0,14.3,0.0,,,,,,61,59,110,,11,11,,11,16,,11,11,,0,,,46,,,,0,0,,,0,,57,,,0,40,,17,0,17,24,11,,,0,,0
22140,FARMINGTON,2025,TRUE,three_year_total,"2023,2024,2025",TRUE,TRUE,29,14,,,,11,,0,0,78.6,21.4,0.0,0.0,,,,,,14,12,14,,,,,,,,,,,0,0,,12,0,0,,0,0,0,,0,,,0,0,,,,,0,,,,,,,0,0
22180,FAYETTEVILLE,2025,TRUE,three_year_total,"2023,2024,2025",TRUE,TRUE,25,45,30,,,,,35,0,15.6,6.7,77.8,0.0,,,,,,44,44,110,0,,,,,26,12,,,,0,0,,19,14,0,0,,0,,,0,11,24,,,0,28,,,,,23,,,,0,,0
22220,FAYETTEVILLE-SPRINGDALE-ROGERS,2025,TRUE,single_year,2025,TRUE,TRUE,17,88,83,,,60,24,,0,68.2,27.3,4.5,0.0,114000,84500,179000,395000,6.625,83,73,217,,21,10,14,18,,18,21,,13,0,,17,71,,,0,0,0,,12,0,25,48,,13,,31,12,37,,11,24,19,12,,,,
22380,FLAGSTAFF,2025,TRUE,three_year_total,"2023,2024,2025",TRUE,TRUE,21,12,11,,0,10,,0,0,83.3,16.7,0.0,0.0,,,,,,12,12,21,0,,0,,,0,0,,0,,0,0,0,,0,,0,0,0,0,,0,,,0,,0,,,,0,0,,,0,,,,0
22420,FLINT,2025,TRUE,three_year_total,"2023,2024,2025",TRUE,TRUE,20,64,55,,,48,13,,0,75.0,20.3,4.7,0.0,,,,,,62,64,50,0,31,,,13,,,31,,,0,0,,42,,0,0,0,,,13,0,,48,,10,0,19,20,19,,,15,12,11,,,,0
22500,FLORENCE,2025,TRUE,three_year_total,"2023,2024,2025",TRUE,TRUE,23,18,17,0,,15,,,0,83.3,11.1,5.6,0.0,,,,,,18,13,75,0,,,,,0,,,,,0,0,,,10,0,0,0,0,0,,0,0,16,0,,0,,10,,,0,,,0,,,,0
22520,FLORENCE-MUSCLE SHOALS,2025,TRUE,three_year_total,"2023,2024,2025",TRUE,TRUE,23,25,21,,,21,,,0,84.0,8.0,8.0,0.0,,,,,,23,18,75,0,,,,,,,,,,0,0,,23,,0,0,0,0,0,0,0,0,25,0,0,0,10,,12,0,,,,,,,,0
22540,FOND DU LAC,2025,TRUE,three_year_total,"2023,2024,2025",TRUE,TRUE,20,56,48,,,45,,,0,80.4,16.1,3.6,0.0,,,,,,56,55,109,,19,12,14,,,,17,12,13,0,,,51,,,0,0,0,0,,0,,49,0,,0,30,,15,,15,14,,,10,,0,0
22660,FORT COLLINS-LOVELAND,2025,TRUE,three_year_total,"2023,2024,2025",TRUE,TRUE,14,140,108,25,,121,12,,0,86.4,8.6,5.0,0.0,,,,,,139,137,96,,85,18,21,,,,85,15,17,,0,,110,,,0,0,0,,24,0,,108,,27,0,34,36,57,13,,32,29,22,22,14,12,0
22744,FORT LAUDERDALE-POMPANO BEACH-SUNRISE,2025,TRUE,single_year,2025,TRUE,TRUE,12,158,128,16,14,80,62,16,0,50.6,39.2,10.1,0.0,153000,123000,215500,605000,6.499,158,158,208,,20,25,43,44,22,,19,18,37,0,,0,76,50,,,0,,,21,0,64,76,,15,0,84,38,27,,,72,49,21,,,0,0
22900,FORT SMITH,2025,TRUE,three_year_total,"2023,2024,2025",TRUE,TRUE,23,56,51,,,36,15,,0,64.3,26.8,8.9,0.0,,,,,,54,50,181,,21,,,10,11,,20,,,0,,,41,0,,,0,0,,,0,11,40,0,,0,26,11,16,,,14,13,,,,,
23060,FORT WAYNE,2025,TRUE,single_year,2025,TRUE,TRUE,25,56,52,,,50,,0,0,89.3,10.7,0.0,0.0,88000,65000,122000,295000,7.25,56,53,57,,32,,10,,,,32,,10,0,,,46,,,0,0,0,,,0,,51,0,,0,23,,25,,,19,,,,,,0
23104,FORT WORTH-ARLINGTON-GRAPEVINE,2025,TRUE,single_year,2025,TRUE,TRUE,13,121,103,,12,61,37,23,0,50.4,30.6,19.0,0.0,115000,92250,177250,385000,6.5,118,109,214,,,13,26,27,29,17,,12,25,0,,12,62,27,,,0,,,24,0,24,72,,22,0,71,22,20,,17,56,22,11,13,,,0
23224,FREDERICK-GAITHERSBURG-BETHESDA,2025,TRUE,three_year_total,"2023,2024,2025",TRUE,TRUE,26,40,27,,,28,,,0,70.0,20.0,10.0,0.0,,,,,,40,38,52,,13,,,,,,12,,,0,,,26,,,0,0,0,,,0,,31,,,0,20,,15,0,,12,11,,,,0,0
23420,FRESNO,2025,TRUE,three_year_total,"2023,2024,2025",TRUE,TRUE,14,104,76,15,13,53,42,,0,51.0,40.4,8.7,0.0,,,,,,103,104,204,,24,16,23,30,,,24,12,16,0,0,,53,,12,,0,,,27,0,56,24,,22,0,46,30,20,,,42,25,14,13,,,0
23460,GADSDEN,2025,TRUE,three_year_total,"2023,2024,2025",TRUE,TRUE,23,15,13,,0,13,,,0,86.7,6.7,6.7,0.0,,,,,,15,,34,0,0,,0,,,10,0,,0,0,0,10,,,0,0,0,,0,,0,0,13,0,,0,,,,0,,,,,,,,0
23540,GAINESVILLE,2025,TRUE,three_year_total,"2023,2024,2025",TRUE,TRUE,24,40,26,,13,22,14,,0,55.0,35.0,10.0,0.0,,,,,,40,39,66,,,,10,11,,,,,,0,0,,22,12,,0,0,0,,,0,,25,,,0,23,,11,,,20,,,,,0,0
23580,GAINESVILLE,2025,TRUE,three_year_total,"2023,2024,2025",TRUE,TRUE,28,10,,0,,,0,,0,90.0,0.0,10.0,0.0,,,,,,10,,34,0,,,,0,,,,,,0,0,,,,0,0,0,0,0,,0,,,0,,0,,0,,0,,,,,,0,,0
23900,GETTYSBURG,2025,TRUE,three_year_total,"2023,2024,2025",TRUE,TRUE,25,25,19,,,13,10,,0,52.0,40.0,8.0,0.0,,,,,,24,25,50,,,0,10,,,,,0,,0,0,0,16,,0,,0,0,,,0,,18,0,,0,14,,,,,10,,,,,0,
24020,GLENS FALLS,2025,TRUE,three_year_total,"2023,2024,2025",TRUE,TRUE,10,156,135,14,,100,51,,0,64.1,32.7,3.2,0.0,,,,,,153,156,120,,29,27,42,41,14,,28,25,35,,11,0,124,10,,0,0,0,,18,0,10,126,,18,0,82,41,24,,25,71,22,15,19,,0,0
24140,GOLDSBORO,2025,TRUE,three_year_total,"2023,2024,2025",TRUE,TRUE,21,11,10,0,,,,,0,18.2,54.5,27.3,0.0,,,,,,11,11,12,0,0,0,,,,,0,0,0,0,0,,,,0,0,0,0,0,,0,0,,0,,0,,,,0,0,,,,,0,0,0
24220,GRAND FORKS,2025,TRUE,three_year_total,"2023,2024,2025",TRUE,TRUE,26,28,27,,0,22,,,0,78.6,10.7,10.7,0.0,,,,,,27,21,64,0,,,,,,,,,,,,,25,0,,0,0,0,,,0,,25,0,,0,11,,14,0,,12,,,,,0,0
24260,GRAND ISLAND,2025,TRUE,three_year_total,"2023,2024,2025",TRUE,TRUE,18,31,27,,0,26,,0,0,83.9,16.1,0.0,0.0,,,,,,31,19,118,0,,,,,,12,,,,0,0,12,30,0,0,0,0,0,,0,0,12,19,0,0,0,10,,16,0,,10,,,,,,0
24300,GRAND JUNCTION,2025,TRUE,three_year_total,"2023,2024,2025",TRUE,TRUE,19,47,28,,11,39,,0,0,83.0,17.0,0.0,0.0,,,,,,44,47,59,,27,,10,,0,0,27,,,0,0,0,45,0,0,0,0,0,0,,0,,37,,,0,13,13,20,,,,13,,,,,
24340,GRAND RAPIDS-WYOMING-KENTWOOD,2025,TRUE,single_year,2025,TRUE,TRUE,18,175,161,,,134,36,,0,76.6,20.6,2.9,0.0,91000,69000,123000,285000,6.625,173,173,147,,41,22,70,25,10,,40,19,66,,,,122,,,,,,,31,0,26,124,,22,0,90,25,45,15,37,72,38,17,,,0,
24420,GRANTS PASS,2025,TRUE,three_year_total,"2023,2024,2025",TRUE,TRUE,28,26,20,,,14,,,0,53.8,34.6,11.5,0.0,,,,,,25,25,32,,,,,,,,,,,0,0,,17,0,0,0,0,0,,,0,,17,0,,0,13,,,,,10,,,,0,,
24500,GREAT FALLS,2025,TRUE,three_year_total,"2023,2024,2025",TRUE,TRUE,19,53,47,,,19,17,17,0,35.8,32.1,32.1,0.0,,,,,,52,51,58,,11,,,15,16,,11,,,0,0,,40,0,,0,0,,0,10,0,,40,0,,0,29,,12,,15,16,11,,,,,0
24540,GREELEY,2025,TRUE,three_year_total,"2023,2024,2025",TRUE,TRUE,13,117,77,34,,81,33,,0,69.2,28.2,2.6,0.0,,,,,,117,111,80,,45,10,26,18,12,,44,,21,0,,,89,,0,,0,0,,23,0,27,68,,21,0,37,23,47,10,12,41,17,18,,14,,0
24580,GREEN BAY,2025,TRUE,single_year,2025,TRUE,TRUE,13,94,87,,,76,15,,0,80.9,16.0,3.2,0.0,93000,64250,115250,265000,6.5,94,88,129,,24,17,24,11,,13,23,17,22,0,,12,83,0,,,0,0,0,,0,25,66,0,,0,44,12,37,,21,33,17,10,10,,,0
24660,GREENSBORO-HIGH POINT,2025,TRUE,three_year_total,"2023,2024,2025",TRUE,TRUE,27,42,34,,,29,,,0,69.0,21.4,9.5,0.0,,,,,,42,42,128,,,,,,,12,,,,0,,10,22,,,0,0,0,,,0,,24,0,,0,23,,11,,,16,,,,0,,0
24780,GREENVILLE,2025,TRUE,three_year_total,"2023,2024,2025",TRUE,TRUE,29,14,14,0,0,10,,,0,71.4,21.4,7.1,0.0,,,,,,14,13,108,0,,,,,,,,,,0,0,,,,,0,,0,0,,0,,10,0,,0,,,,,,,,,,,0,0
24860,GREENVILLE-ANDERSON-GREER,2025,TRUE,three_year_total,"2023,2024,2025",TRUE,TRUE,10,132,127,,,89,33,10,0,67.4,25.0,7.6,0.0,,,,,,132,119,173,0,25,,20,29,,44,25,,17,0,,39,94,14,,0,0,0,,19,0,10,89,,30,0,60,19,43,10,12,47,30,18,12,10,,0
25020,GUAYAMA,2025,TRUE,three_year_total,"2023,2024,2025",TRUE,TRUE,18,18,15,,,0,15,,0,0.0,83.3,16.7,0.0,,,,,,18,18,,0,,0,0,,,,0,0,0,0,0,0,14,,0,0,0,0,0,,0,18,0,0,0,0,,,,0,,,,,0,,0,0
25060,GULFPORT-BILOXI,2025,TRUE,three_year_total,"2023,2024,2025",TRUE,TRUE,16,78,64,,10,28,17,33,0,35.9,21.8,42.3,0.0,,,,,,77,76,182,0,19,,,14,21,13,18,,,,0,,46,18,,,0,0,,10,0,,62,,10,0,41,17,16,,12,30,15,,11,,,0
25180,HAGERSTOWN-MARTINSBURG,2025,TRUE,three_year_total,"2023,2024,2025",TRUE,TRUE,12,129,107,,13,71,51,,0,55.0,39.5,5.4,0.0,,,,,,128,103,177,,21,11,19,40,,30,20,,15,0,0,27,81,17,,0,0,,,23,0,23,84,,20,0,60,18,39,12,11,41,25,21,19,,,
25220,HAMMOND,2025,TRUE,three_year_total,"2023,2024,2025",TRUE,TRUE,27,32,20,,10,14,12,,0,43.8,37.5,18.8,0.0,,,,,,30,28,59,,,,,10,,,,,,0,,,19,,,0,0,0,0,,0,,25,,,0,14,10,,,,10,,,,,,0
25260,HANFORD-CORCORAN,2025,TRUE,three_year_total,"2023,2024,2025",TRUE,TRUE,27,10,,,,,,,0,30.0,60.0,10.0,0.0,,,,,,10,10,18,0,,,,,,0,,,,0,0,0,,0,0,0,0,0,,,0,,0,0,,0,,,,0,,,,,,0,0,0
25420,HARRISBURG-CARLISLE,2025,TRUE,single_year,2025,TRUE,TRUE,24,52,41,,,33,16,,0,63.5,30.8,5.8,0.0,89000,66500,127500,235000,6.624,51,47,137,,,,20,,,,,,18,0,0,,28,,,0,0,0,,12,0,,34,0,,0,30,,11,,11,21,,,,,0,
25500,HARRISONBURG,2025,TRUE,three_year_total,"2023,2024,2025",TRUE,TRUE,32,10,,0,,,,,0,60.0,30.0,10.0,0.0,,,,,,10,,47,0,,,,,,,,,,0,0,,,0,,0,0,0,,,0,,,0,,0,,,,0,,,,,,,0,0
25540,HARTFORD-WEST HARTFORD-EAST HARTFORD,2025,TRUE,single_year,2025,FALSE,TRUE,6,462,317,127,18,282,158,22,0,61.0,34.2,4.8,0.0,102000,87000,124000,365000,6.5,460,449,326,10,69,67,115,89,98,24,64,57,99,,44,13,192,151,16,,,,,90,0,113,271,10,68,0,235,132,72,23,43,172,131,59,41,13,,0
25620,HATTIESBURG,2025,TRUE,three_year_total,"2023,2024,2025",TRUE,TRUE,27,21,16,0,,12,,,0,57.1,28.6,14.3,0.0,,,,,,21,20,80,0,,,,,,,,,,0,0,,14,,0,0,0,0,0,,0,,15,,,0,14,,,0,,,,,,,,0
25740,HELENA,2025,TRUE,three_year_total,"2024,2025",TRUE,TRUE,23,40,32,,,28,,,0,70.0,12.5,17.5,0.0,,,,,,40,39,32,,16,,,,,,16,,,0,0,,37,0,0,0,0,0,0,,0,,33,,,0,16,13,10,,,13,10,,,,,0
25860,HICKORY-LENOIR-MORGANTON,2025,TRUE,three_year_total,"2023,2024,2025",TRUE,TRUE,27,46,43,,,32,12,,0,69.6,26.1,4.3,0.0,,,,,,43,42,136,,,,,,,15,,,,0,0,15,35,,,,0,0,,,0,,31,,,0,14,13,17,,,16,,10,,,,
25940,HILTON HEAD ISLAND-BLUFFTON-PORT ROYAL,2025,TRUE,three_year_total,"2023,2024,2025",TRUE,TRUE,18,21,19,,0,20,0,,0,95.2,0.0,4.8,0.0,,,,,,21,16,22,0,10,0,0,0,,10,10,0,0,0,0,10,14,,,0,0,0,0,,0,,16,0,,0,,,,,0,,,,,,,0
25980,HINESVILLE,2025,TRUE,three_year_total,"2023,2024,2025",TRUE,TRUE,25,,,0,,0,,,0,0.0,40.0,60.0,0.0,,,,,,,,36,0,0,,,,,,0,0,0,0,0,0,,,0,0,0,0,0,,0,0,,0,,0,,0,,,0,,,,,0,,0
26140,HOMOSASSA SPRINGS,2025,TRUE,three_year_total,"2023,2024,2025",TRUE,TRUE,17,78,73,,,67,,,0,85.9,7.7,6.4,0.0,,,,,,78,38,39,0,24,0,,,,42,24,0,,0,0,41,69,,,0,0,0,,,0,,66,,,0,16,12,47,,,12,11,13,15,13,13,0
26300,HOT SPRINGS,2025,TRUE,three_year_total,"2023,2024,2025",TRUE,TRUE,29,31,28,,,23,,,0,74.2,19.4,6.5,0.0,,,,,,30,24,95,,,,,,,11,,,,0,,10,25,,0,0,0,0,0,,0,0,24,,,0,,,13,,,,,,,,,
26380,HOUMA-BAYOU CANE-THIBODAUX,2025,TRUE,three_year_total,"2023,2024,2025",TRUE,TRUE,24,16,14,,,10,,,0,62.5,25.0,12.5,0.0,,,,,,16,,100,0,,,0,,,,,,0,0,0,,14,,0,0,0,0,,0,0,0,16,0,0,0,,,,0,,,,,,,0,0
26420,HOUSTON-PASADENA-THE WOODLANDS,2025,TRUE,single_year,2025,TRUE,TRUE,6,502,428,40,34,197,222,83,0,39.2,44.2,16.5,0.0,131000,99000,176500,425000,6.375,499,493,320,,58,38,103,147,128,28,53,30,87,,12,13,161,211,14,,0,,,99,0,122,280,18,82,0,229,146,88,39,54,198,146,58,30,11,,0
26580,HUNTINGTON-ASHLAND,2025,TRUE,three_year_total,"2023,2024,2025",TRUE,TRUE,20,58,48,,,40,16,,0,69.0,27.6,3.4,0.0,,,,,,58,46,190,0,,,,,,23,,,,0,,21,53,,0,0,0,0,,,0,,50,0,,0,22,12,22,,10,18,10,11,,,0,0
26620,HUNTSVILLE,2025,TRUE,three_year_total,"2023,2024,2025",TRUE,TRUE,18,55,33,,17,32,14,,0,58.2,25.5,16.4,0.0,,,,,,53,49,133,,10,,10,12,,12,,,,0,,11,26,14,,0,0,0,,12,0,,37,0,11,0,21,14,12,,,18,11,12,,,,
26820,IDAHO FALLS,2025,TRUE,three_year_total,"2023,2024,2025",TRUE,TRUE,15,40,15,,21,26,14,0,0,65.0,35.0,0.0,0.0,,,,,,40,40,76,0,,10,16,,,0,,,14,0,0,0,33,0,0,0,0,0,,,0,,31,,,0,22,,17,0,14,15,,,0,,0,0
26900,INDIANAPOLIS-CARMEL-GREENWOOD,2025,TRUE,single_year,2025,TRUE,TRUE,10,227,212,,,165,41,21,0,72.7,18.1,9.3,0.0,106000,73000,156000,315000,6.875,224,221,364,,89,16,58,28,23,13,89,15,55,0,0,,162,29,,,,,,26,0,20,180,0,27,0,110,49,58,10,26,73,37,32,26,25,,0
26980,IOWA CITY,2025,TRUE,three_year_total,"2023,2024,2025",TRUE,TRUE,28,25,24,0,,20,,,0,80.0,16.0,4.0,0.0,,,,,,25,20,159,0,11,,,,,,11,,,0,,,22,,0,,0,0,0,,0,,23,0,,0,,,,,,,,,,,,0
27060,ITHACA,2025,TRUE,three_year_total,"2023,2024,2025",TRUE,TRUE,20,92,85,,,84,,,0,91.3,6.5,2.2,0.0,,,,,,92,87,72,,44,14,20,,,,44,13,19,0,,,65,,,0,,0,,13,0,,69,,13,0,24,23,36,,,34,28,18,,,0,0
27100,JACKSON,2025,TRUE,three_year_total,"2023,2024,2025",TRUE,TRUE,22,40,34,,,24,14,,0,60.0,35.0,5.0,0.0,,,,,,40,32,65,0,,,,12,,10,,,,0,,,28,,0,0,0,0,0,,0,,34,0,,0,27,,,,12,12,,,,0,0,0
27140,JACKSON,2025,TRUE,three_year_total,"2023,2024,2025",TRUE,TRUE,20,72,68,,,60,,,0,83.3,11.1,5.6,0.0,,,,,,71,63,213,0,29,,,,,17,29,,,0,,16,54,11,,0,0,0,0,,0,,58,,,0,20,17,33,,,12,13,18,14,,,0
27180,JACKSON,2025,TRUE,three_year_total,"2023,2024,2025",TRUE,TRUE,16,27,27,0,0,26,,0,0,96.3,3.7,0.0,0.0,,,,,,27,,134,0,,0,0,,0,25,,0,0,0,0,25,27,0,0,0,0,0,0,0,0,,25,0,,0,,,15,0,,,,,,,,0
27260,JACKSONVILLE,2025,TRUE,single_year,2025,TRUE,TRUE,13,77,47,12,18,49,,20,0,63.6,10.4,26.0,0.0,147000,96500,203750,465000,6.625,76,70,143,,17,11,16,,14,13,16,,16,0,0,,47,13,,,0,0,,13,0,10,55,,11,0,38,15,21,,,21,21,12,12,,,0
27340,JACKSONVILLE,2025,TRUE,three_year_total,"2023,2024,2025",TRUE,TRUE,23,17,15,0,,,0,16,0,5.9,0.0,94.1,0.0,,,,,,17,17,31,,0,,0,0,12,,0,,0,0,0,0,,,,0,0,0,0,,0,,,,,0,,,,,,,,,,0,0,0
27500,JANESVILLE-BELOIT,2025,TRUE,three_year_total,"2023,2024,2025",TRUE,TRUE,16,99,93,,,63,29,,0,63.6,29.3,7.1,0.0,,,,,,99,84,199,,20,10,21,24,,17,18,10,18,,,15,74,,,0,0,0,,15,,18,65,,15,0,46,19,30,,25,31,22,11,,,,0
27620,JEFFERSON CITY,2025,TRUE,three_year_total,"2023,2024,2025",TRUE,TRUE,22,59,48,,,49,,,0,83.1,15.3,1.7,0.0,,,,,,57,40,217,,19,,,,0,21,19,,,0,0,19,45,,0,0,0,0,,,0,,50,0,,0,14,15,23,,,16,,,,11,,
27740,JOHNSON CITY,2025,TRUE,three_year_total,"2023,2024,2025",TRUE,TRUE,25,24,19,,,16,,,0,66.7,25.0,8.3,0.0,,,,,,23,19,78,0,,,,,,10,,,,0,0,,19,0,0,0,0,0,0,,0,0,17,,,0,,,,,,,,,,0,0,0
27780,JOHNSTOWN,2025,TRUE,three_year_total,"2023,2024,2025",TRUE,TRUE,21,54,46,,,41,12,,0,75.9,22.2,1.9,0.0,,,,,,54,44,95,,20,,,12,,10,20,,,0,,10,45,,0,0,0,0,0,,0,,49,,,0,26,,18,,,18,10,,,,0,0
27860,JONESBORO,2025,TRUE,three_year_total,"2023,2024,2025",TRUE,TRUE,31,30,23,,,17,,,0,56.7,30.0,13.3,0.0,,,,,,30,26,176,,,,,,,,,,,0,,,20,,,0,0,0,0,,0,,27,,,0,16,,,0,,,,,,,,0
27900,JOPLIN,2025,TRUE,three_year_total,"2023,2024,2025",TRUE,TRUE,17,73,66,,,58,11,,0,79.5,15.1,5.5,0.0,,,,,,71,58,219,,33,0,,10,,22,33,0,,0,,21,68,0,,0,0,0,,,0,,64,0,,0,14,14,44,,,12,16,,15,10,,0
27980,KAHULUI-WAILUKU,2025,TRUE,three_year_total,"2023,2024,2025",TRUE,TRUE,19,49,45,,,34,14,,0,69.4,28.6,2.0,0.0,,,,,,48,48,24,0,15,13,10,,,,15,10,,0,0,,13,0,18,0,,,,10,0,,34,,10,0,15,12,18,,,,18,14,,,,0
28020,KALAMAZOO-PORTAGE,2025,TRUE,three_year_total,"2023,2024,2025",TRUE,TRUE,17,89,71,12,,49,31,,0,55.1,34.8,10.1,0.0,,,,,,89,86,126,,18,14,25,18,,,17,,21,0,0,,54,,,,0,0,,24,0,,61,,22,0,47,18,15,,15,35,16,12,,,,0
28100,KANKAKEE,2025,TRUE,three_year_total,"2023,2024,2025",TRUE,TRUE,19,54,42,,,34,18,,0,63.0,33.3,3.7,0.0,,,,,,53,38,108,,,,10,14,,17,,,,0,,17,40,,0,0,0,0,0,,0,14,36,0,,0,22,16,14,,12,15,10,,,,,0
28140,KANSAS CITY,2025,TRUE,single_year,2025,TRUE,TRUE,10,218,197,,14,155,44,19,0,71.1,20.2,8.7,0.0,109500,73750,169000,295000,6.625,216,196,417,,54,25,58,32,21,28,53,21,53,0,,25,151,23,,,,0,,30,0,23,161,,31,0,110,37,57,14,33,77,40,35,21,,,0
28420,KENNEWICK-RICHLAND,2025,TRUE,three_year_total,"2023,2024,2025",TRUE,TRUE,19,98,89,,,47,44,,0,48.0,44.9,7.1,0.0,,,,,,98,93,87,,20,10,17,30,14,,19,,10,,,,79,,,,0,0,,12,0,39,47,,,0,48,15,33,,18,39,25,,,,0,0
28450,KENOSHA,2025,TRUE,three_year_total,"2024,2025",TRUE,TRUE,19,87,82,,,59,26,,0,67.8,29.9,2.3,0.0,,,,,,87,82,94,,14,,36,17,,,14,,31,0,,,69,,,,0,0,,11,0,22,56,,,0,45,21,18,,18,26,16,12,11,,,0
28660,KILLEEN-TEMPLE,2025,TRUE,single_year,2025,TRUE,TRUE,12,284,255,,28,30,33,221,0,10.6,11.6,77.8,0.0,102000,79000,133000,370000,5.99,281,281,118,,13,11,15,28,191,26,13,,,,0,,74,92,21,,,,,80,0,64,155,,56,0,127,64,76,17,43,130,66,28,11,,0,0
28700,KINGSPORT-BRISTOL,2025,TRUE,three_year_total,"2023,2024,2025",TRUE,TRUE,24,49,45,,,39,,,0,79.6,16.3,4.1,0.0,,,,,,47,31,87,0,,,,,,28,,,,0,,26,45,,0,0,0,0,,,0,0,45,0,,0,22,,18,,,13,,10,,,,0
28740,KINGSTON,2025,TRUE,three_year_total,"2023,2024,2025",TRUE,TRUE,13,142,117,20,,116,25,,0,81.7,17.6,0.7,0.0,,,,,,142,126,156,,49,28,24,22,,16,49,25,23,,,16,84,14,,,0,0,,31,0,17,94,,27,0,53,33,44,12,,50,47,13,16,,,0
28880,KIRYAS JOEL-POUGHKEEPSIE-NEWBURGH,2025,TRUE,single_year,2025,TRUE,TRUE,13,143,113,23,,95,43,,0,66.4,30.1,3.5,0.0,126000,94250,177750,405000,6.625,142,135,163,,37,18,37,28,12,11,37,14,28,,,,75,17,,,0,,,37,0,42,71,,24,0,62,47,27,,10,41,53,22,14,,0,0
28940,KNOXVILLE,2025,TRUE,single_year,2025,TRUE,TRUE,25,60,54,,,49,,,0,81.7,13.3,5.0,0.0,99000,75500,156500,345000,7.25,59,41,110,,,,,,,33,,,,0,,31,48,,0,0,0,0,0,,0,,47,,10,0,16,17,24,,,18,,,,,,0
29020,KOKOMO,2025,TRUE,three_year_total,"2023,2024,2025",TRUE,TRUE,24,,,0,0,,,,0,50.0,37.5,12.5,0.0,,,,,,,,53,0,0,0,,,,0,0,0,,0,0,0,,0,0,,0,0,0,,0,,,0,,0,,,0,,,,,,0,0,0,0
29100,LA CROSSE-ONALASKA,2025,TRUE,three_year_total,"2023,2024,2025",TRUE,TRUE,21,95,87,,,80,10,,0,84.2,10.5,5.3,0.0,,,,,,92,76,174,,21,15,24,,,21,20,14,23,,,19,80,,,,0,0,,,0,,85,,,0,54,,30,,18,48,13,,,,0,0
29180,LAFAYETTE,2025,TRUE,three_year_total,"2023,2024,2025",TRUE,TRUE,22,50,41,,,38,,,0,76.0,16.0,8.0,0.0,,,,,,49,37,232,,13,,,,,18,12,,,,0,16,33,12,0,0,0,,0,,0,,44,0,,0,26,,16,,,13,11,12,,,,0
29200,LAFAYETTE-WEST LAFAYETTE,2025,TRUE,three_year_total,"2023,2024,2025",TRUE,TRUE,20,37,30,,,25,11,,0,67.6,29.7,2.7,0.0,,,,,,36,35,142,0,11,,10,,0,,11,,,0,0,,30,,,0,0,0,0,,0,,28,0,,0,19,,10,,10,,10,,,,0,0
29340,LAKE CHARLES,2025,TRUE,three_year_total,"2023,2024,2025",TRUE,TRUE,24,41,32,,,20,14,,0,48.8,34.1,17.1,0.0,,,,,,41,37,86,0,,,,10,,10,,,,0,0,,25,11,,0,0,0,,,0,,35,,,0,21,,12,,,16,,,,,0,0
29404,LAKE COUNTY,2025,TRUE,single_year,2025,TRUE,TRUE,24,53,42,,,33,12,,0,62.3,22.6,15.1,0.0,87000,69000,130000,275000,6.625,53,49,62,,,,15,,,,,,14,0,,,37,,0,,0,,,,0,35,13,,,0,31,11,10,,12,17,13,,,,0,0
29414,LAKE COUNTY-PORTER COUNTY-JASPER COUNTY,2025,TRUE,single_year,2025,TRUE,TRUE,17,79,62,10,,54,20,,0,68.4,25.3,6.3,0.0,92000,73000,130000,265000,6.5,77,72,128,,10,,28,18,,,,,28,0,0,,50,13,,0,0,0,,13,0,26,43,,,0,47,21,,,11,26,19,,12,,0,0
29420,LAKE HAVASU CITY-KINGMAN,2025,TRUE,three_year_total,"2023,2024,2025",TRUE,TRUE,24,24,21,0,,13,,,0,54.2,25.0,20.8,0.0,,,,,,24,24,61,0,,,,,,,,,,0,0,0,18,0,0,0,0,0,0,,0,,13,0,,0,17,,,,,,,,,,0,0
29460,LAKELAND-WINTER HAVEN,2025,TRUE,single_year,2025,TRUE,TRUE,16,53,40,,,22,19,12,0,41.5,35.8,22.6,0.0,97000,81000,137000,365000,6.625,53,52,104,,,,12,14,10,10,,,11,0,0,,31,,0,0,0,0,0,14,0,18,23,,10,0,31,11,,,,23,13,,,,0,0
29484,LAKEWOOD-NEW BRUNSWICK,2025,TRUE,single_year,2025,TRUE,TRUE,13,258,228,22,,154,95,,0,59.7,36.8,3.5,0.0,148000,122000,201000,565000,6.625,255,256,325,,69,31,68,63,20,,67,24,52,,,,155,15,17,,0,0,,62,,118,96,12,32,0,112,49,87,10,15,103,72,31,25,,,
29540,LANCASTER,2025,TRUE,single_year,2025,TRUE,TRUE,22,51,42,,,40,,,0,78.4,17.6,3.9,0.0,90000,69000,144000,295000,6.612,51,48,121,,,12,15,,,,,11,15,0,,,36,,0,0,0,0,,11,0,,32,,12,0,30,,10,,13,20,,,,,0,0
29620,LANSING-EAST LANSING,2025,TRUE,three_year_total,"2023,2024,2025",TRUE,TRUE,13,138,129,,,76,53,,0,55.1,38.4,6.5,0.0,,,,,,135,138,233,,29,25,30,42,10,,29,19,26,0,,,87,16,,0,0,0,,24,0,11,106,,20,0,69,31,25,13,24,61,22,18,,,,0
29700,LAREDO,2025,TRUE,three_year_total,"2023,2024,2025",TRUE,TRUE,21,29,,12,,19,,,0,65.5,20.7,13.8,0.0,,,,,,29,29,49,,,,14,,,0,,,14,0,0,0,24,0,0,,0,0,0,,0,25,0,0,,0,16,,,,,14,,,,0,0,0
29740,LAS CRUCES,2025,TRUE,three_year_total,"2023,2024,2025",TRUE,TRUE,30,31,24,,,19,,,0,61.3,29.0,9.7,0.0,,,,,,30,27,49,,,0,,,,,,0,,0,0,,23,,,,0,0,,,0,19,,,,0,16,,,,,10,,,,,,0
29820,LAS VEGAS-HENDERSON-NORTH LAS VEGAS,2025,TRUE,three_year_total,"2023,2024,2025",FALSE,TRUE,11,173,100,10,63,104,51,18,0,60.1,29.5,10.4,0.0,,,,,,170,173,398,11,57,14,42,34,21,,54,10,34,,,,103,21,,,0,0,,41,0,69,65,,32,,87,33,42,11,20,47,32,34,19,12,,
29940,LAWRENCE,2025,TRUE,three_year_total,"2023,2024,2025",TRUE,TRUE,28,34,31,,,27,,,0,79.4,5.9,14.7,0.0,,,,,,34,29,108,0,14,,,,,,14,,,,0,,22,,,0,0,0,,,0,0,31,,,0,,12,16,,,,,,,,,0
30020,LAWTON,2025,TRUE,three_year_total,"2023,2024,2025",TRUE,TRUE,24,23,17,,,,,14,0,30.4,8.7,60.9,0.0,,,,,,23,20,130,0,,0,,0,12,,,0,,0,,,15,,,0,0,0,0,,0,,14,0,,0,14,,,0,,13,,,,,,0
30140,LEBANON,2025,TRUE,three_year_total,"2023,2024,2025",TRUE,TRUE,23,38,27,,,25,11,,0,65.8,28.9,5.3,0.0,,,,,,37,38,112,,,10,,,,0,,,,0,,0,32,,,0,0,0,0,,0,,27,0,,0,23,10,,0,,25,,,,,0,0
30300,LEWISTON,2025,TRUE,three_year_total,"2023,2024,2025",TRUE,TRUE,27,30,23,,,17,11,,0,56.7,36.7,6.7,0.0,,,,,,30,29,36,,,,,,,,,,,0,0,,22,0,,,0,0,0,,0,,23,,,0,12,,,,,11,,,,0,0,0
30340,LEWISTON-AUBURN,2025,TRUE,single_year,2025,TRUE,TRUE,15,111,78,25,,49,60,,0,44.1,54.1,1.8,0.0,94000,79000,112000,375000,6.375,111,106,44,10,,,34,51,,,,,31,0,0,,51,42,,0,0,0,0,17,0,,86,,16,0,62,18,17,14,28,33,30,10,,,,0
30460,LEXINGTON-FAYETTE,2025,TRUE,single_year,2025,TRUE,TRUE,20,93,89,,,85,,0,0,91.4,8.6,0.0,0.0,166000,90000,254000,505000,7.25,93,86,136,0,63,,,,0,,63,,,0,0,,77,0,,,,0,,,0,,79,,10,0,24,22,42,,,19,23,15,13,13,,0
30500,LEXINGTON PARK,2025,TRUE,three_year_total,"2024,2025",TRUE,TRUE,27,15,11,,,11,,,0,73.3,6.7,20.0,0.0,,,,,,14,15,,0,,,,,,,,,,0,0,,10,,,0,0,0,,,0,0,13,0,,0,,,10,0,0,,,,,,0,0
30620,LIMA,2025,TRUE,three_year_total,"2023,2024,2025",TRUE,TRUE,24,52,39,,,40,10,,0,76.9,19.2,3.8,0.0,,,,,,40,51,90,24,29,,,,,,29,,,,,,28,,0,0,0,0,,17,0,,30,,16,0,23,,11,16,,13,,,,,,15
30700,LINCOLN,2025,TRUE,single_year,2025,TRUE,TRUE,21,65,57,,,55,,,0,84.6,7.7,7.7,0.0,99500,62750,158250,335000,6.875,62,44,142,0,21,,11,,,23,21,,10,0,,21,56,,,0,0,,0,,0,,53,0,,0,23,,30,,,14,,,12,20,,0
30780,LITTLE ROCK-NORTH LITTLE ROCK-CONWAY,2025,TRUE,three_year_total,"2023,2024,2025",TRUE,TRUE,13,138,122,,,75,39,24,0,54.3,28.3,17.4,0.0,,,,,,136,131,597,,20,19,18,22,35,24,20,16,14,,,19,78,34,,,0,,,19,0,16,106,,15,0,61,29,40,,20,42,28,17,15,13,,
30860,LOGAN,2025,TRUE,three_year_total,"2023,2024,2025",TRUE,TRUE,21,31,26,,,25,,,0,80.6,16.1,3.2,0.0,,,,,,31,31,37,0,14,,,,,0,14,,,0,0,0,28,0,0,0,0,0,,,0,,23,,,0,11,,16,,14,,,,0,,0,0
30980,LONGVIEW,2025,TRUE,three_year_total,"2023,2024,2025",TRUE,TRUE,20,55,50,,,38,13,,0,69.1,23.6,7.3,0.0,,,,,,53,42,174,0,11,,,12,,18,11,,,0,,17,38,,,0,0,0,,11,0,,38,,11,0,14,12,24,,,13,13,11,,,,
31020,LONGVIEW-KELSO,2025,TRUE,three_year_total,"2023,2024,2025",TRUE,TRUE,27,28,23,,,13,14,,0,46.4,50.0,3.6,0.0,,,,,,28,28,32,,,,,,,,,,,0,0,0,22,,,0,0,0,,,0,,21,0,,0,15,,,,,15,,,0,,,0
31084,LOS ANGELES-LONG BEACH-GLENDALE,2025,TRUE,single_year,2025,FALSE,TRUE,5,1261,873,210,178,858,347,56,0,68.0,27.5,4.4,0.0,213000,163000,310500,825000,6.5,1227,1261,1244,56,535,181,196,243,84,22,523,150,142,12,15,16,633,94,124,,,,38,357,0,454,486,35,286,0,489,261,394,117,42,416,396,253,109,35,,
31140,LOUISVILLE/JEFFERSON COUNTY,2025,TRUE,single_year,2025,TRUE,TRUE,9,142,106,11,25,107,30,,0,75.4,21.1,3.5,0.0,91000,67750,129500,295000,6.875,140,124,223,,50,10,24,22,10,26,50,,22,0,,26,105,20,,0,0,0,,14,0,23,106,,12,0,63,35,40,,17,43,28,13,18,15,,0
31180,LUBBOCK,2025,TRUE,three_year_total,"2023,2024,2025",TRUE,TRUE,14,109,103,0,,46,45,18,0,42.2,41.3,16.5,0.0,,,,,,109,103,336,,14,14,16,38,17,10,13,11,13,,,,68,11,,,0,,,15,0,35,64,,,0,68,23,18,0,28,40,14,10,,,,0
31340,LYNCHBURG,2025,TRUE,three_year_total,"2023,2024,2025",TRUE,TRUE,21,66,57,,,43,15,,0,65.2,22.7,12.1,0.0,,,,,,66,57,158,,,,17,12,,17,,,16,0,0,16,47,,,,0,0,,,0,,56,0,,0,26,20,19,,19,19,,11,,,,0
31420,MACON-BIBB COUNTY,2025,TRUE,three_year_total,"2023,2024,2025",TRUE,TRUE,22,28,22,,,12,13,,0,42.9,46.4,10.7,0.0,,,,,,28,26,105,,,0,,10,,,,0,,0,0,,10,13,0,0,0,0,0,,0,,20,0,,0,12,10,,,,,,,,,0,0
31540,MADISON,2025,TRUE,single_year,2025,TRUE,TRUE,14,97,77,,17,83,11,,0,85.6,11.3,3.1,0.0,126500,88750,175000,425000,6.75,96,85,184,,35,18,24,,,12,33,16,22,0,0,12,69,,,0,0,,,17,0,11,72,,11,0,45,11,32,,17,32,22,12,,,,0
31700,MANCHESTER-NASHUA,2025,TRUE,single_year,2025,TRUE,TRUE,10,215,164,44,,119,85,11,0,55.3,39.5,5.1,0.0,138500,114000,175750,525000,6.5,210,214,119,10,48,20,69,63,14,,45,17,56,0,0,,136,13,13,0,0,,,47,0,58,118,,32,,107,27,70,11,19,106,56,21,,,,0
31740,MANHATTAN,2025,TRUE,three_year_total,"2023,2024,2025",TRUE,TRUE,18,91,79,,,44,,43,0,48.4,4.4,47.3,0.0,,,,,,90,80,147,,16,13,11,,26,23,14,12,,0,0,11,59,,,,0,0,,14,0,,73,,,0,41,11,31,,22,29,16,,,,,0
31860,MANKATO,2025,TRUE,three_year_total,"2023,2024,2025",TRUE,TRUE,23,24,19,,,17,,,0,70.8,16.7,12.5,0.0,,,,,,24,21,58,0,,,,,0,,,,,0,0,,20,0,0,0,0,0,,,0,,20,,,0,10,,11,0,,12,,0,,,0,0
31900,MANSFIELD,2025,TRUE,three_year_total,"2023,2024,2025",TRUE,TRUE,25,68,62,,,52,,,0,76.5,13.2,10.3,0.0,,,,,,67,65,112,,17,20,,,,,17,20,,0,,,56,,,0,,0,,,0,,58,,,0,29,20,16,,15,20,11,,,,,0
31924,MARIETTA,2025,TRUE,three_year_total,"2024,2025",TRUE,TRUE,19,57,51,,,41,12,,0,71.9,21.1,7.0,0.0,,,,,,57,55,98,,11,,14,11,,11,10,,13,0,,10,27,14,,,0,0,,11,0,17,31,,,0,27,12,14,,,22,15,,,,,0
32420,MAYAGÜEZ,2025,TRUE,three_year_total,"2023,2024,2025",TRUE,TRUE,23,72,57,10,,28,35,,0,38.9,48.6,12.5,0.0,,,,,,71,71,16,,,12,,20,23,,,,,0,,,58,,0,0,,0,,,0,66,,,,0,28,22,20,,,26,18,13,,,0,
32580,MCALLEN-EDINBURG-MISSION,2025,TRUE,single_year,2025,TRUE,TRUE,14,158,21,,134,79,44,35,0,50.0,27.8,22.2,0.0,134000,102500,166000,475000,6.5,151,155,231,,15,10,61,32,33,,12,,56,,0,,127,,,,0,0,0,14,0,126,17,,10,0,95,33,25,,18,85,26,17,,,,0
32780,MEDFORD,2025,TRUE,three_year_total,"2023,2024,2025",TRUE,TRUE,18,90,72,11,,60,22,,0,66.7,24.4,8.9,0.0,,,,,,88,89,122,,21,14,29,16,,,21,13,25,0,0,,76,0,,,0,0,,,,10,67,,10,0,34,20,32,,,40,12,17,,,,
32820,MEMPHIS,2025,TRUE,three_year_total,"2023,2024,2025",TRUE,TRUE,13,110,94,10,,72,31,,0,65.5,28.2,6.4,0.0,,,,,,107,92,508,,27,14,12,18,14,25,26,11,,0,,22,58,27,,0,0,0,,17,0,,86,,18,0,45,26,30,,,32,22,19,16,11,,
32900,MERCED,2025,TRUE,three_year_total,"2023,2024,2025",TRUE,TRUE,26,39,31,,,22,16,,0,56.4,41.0,2.6,0.0,,,,,,38,37,76,,,11,,11,,,,,,0,0,,24,0,,,0,0,,11,0,25,,,,0,20,,,,,17,10,,,,,0
33124,MIAMI-MIAMI BEACH-KENDALL,2025,TRUE,single_year,2025,TRUE,TRUE,13,168,145,14,,95,64,,0,56.5,38.1,5.4,0.0,173000,138500,237500,630000,6.5,167,167,236,,27,22,53,51,12,,27,19,46,0,,,113,27,,0,0,0,,19,0,99,47,,14,0,82,37,44,,,65,57,30,,,0,0
33140,MICHIGAN CITY-LA PORTE,2025,TRUE,three_year_total,"2023,2024,2025",TRUE,TRUE,27,31,22,,,20,10,,0,64.5,32.3,3.2,0.0,,,,,,31,30,73,,,,12,,,,,,10,0,0,,23,,,0,0,0,,,0,,27,0,,0,18,,,,,,,,,,0,0
33220,MIDLAND,2025,TRUE,three_year_total,"2023,2024,2025",TRUE,TRUE,26,10,10,0,0,,,,0,70.0,20.0,10.0,0.0,,,,,,10,10,30,0,,,,,,,,,,0,0,0,,0,0,,0,0,0,,0,,,0,,0,,,,,,,0,,,0,0,0
33260,MIDLAND,2025,TRUE,three_year_total,"2023,2024,2025",TRUE,TRUE,30,18,15,,,,,,0,44.4,50.0,5.6,0.0,,,,,,16,18,28,0,,,,,,,,,,0,0,0,11,,0,0,0,0,0,,0,,,,,0,,,,,,,,,,,0,0
33340,MILWAUKEE-WAUKESHA,2025,TRUE,single_year,2025,FALSE,TRUE,4,1004,928,48,28,753,218,33,0,75.0,21.7,3.3,0.0,84000,63000,122000,265000,6.625,996,979,822,13,257,160,325,147,70,45,253,147,291,10,21,31,607,175,54,,,,15,142,0,204,661,17,121,,482,264,218,40,140,369,218,139,91,33,14,0
33460,MINNEAPOLIS-ST. PAUL-BLOOMINGTON,2025,TRUE,single_year,2025,FALSE,TRUE,5,635,572,31,32,452,151,32,0,71.2,23.8,5.0,0.0,108000,82000,153000,355000,6.625,631,608,357,11,142,74,215,74,95,35,136,63,202,,20,28,370,88,46,,0,,16,106,0,103,433,18,81,0,298,171,127,39,74,279,143,81,29,23,,
33500,MINOT,2025,TRUE,three_year_total,"2024,2025",TRUE,TRUE,25,35,18,,,,10,17,0,22.9,28.6,48.6,0.0,,,,,,34,35,19,,,,,,14,,,,,0,,0,20,,0,,0,0,,,0,,24,0,,0,20,,,,12,14,,0,,,0,0
33540,MISSOULA,2025,TRUE,three_year_total,"2023,2024,2025",TRUE,TRUE,22,62,51,,,53,,,0,85.5,9.7,4.8,0.0,,,,,,61,53,65,,35,,10,,,,35,,,0,0,,57,0,0,0,0,0,,,0,,54,,,0,21,16,22,,,18,16,10,,,,0
33660,MOBILE,2025,TRUE,three_year_total,"2023,2024,2025",TRUE,TRUE,26,41,34,,,24,11,,0,58.5,26.8,14.6,0.0,,,,,,41,41,93,,,,,,,,,,,0,,,26,,,0,0,0,0,,0,,30,0,,0,24,,11,0,,18,,,,,0,0
33700,MODESTO,2025,TRUE,three_year_total,"2023,2024,2025",TRUE,TRUE,16,110,82,20,,65,42,,0,59.1,38.2,2.7,0.0,,,,,,109,107,149,,34,10,27,28,,,33,,20,0,0,,67,,,,0,0,,29,0,53,28,,23,0,51,22,30,,14,42,21,22,,,0,
33740,MONROE,2025,TRUE,three_year_total,"2023,2024,2025",TRUE,TRUE,23,26,25,,0,26,0,0,0,100.0,0.0,0.0,0.0,,,,,,24,,199,,,,0,0,0,21,,,0,0,0,21,20,,,0,0,0,0,,0,,22,,,0,,,13,,0,,,,,,,
33780,MONROE,2025,TRUE,three_year_total,"2023,2024,2025",TRUE,TRUE,24,26,24,,,13,10,,0,50.0,38.5,11.5,0.0,,,,,,25,26,31,0,,,,,,,,,,0,0,0,23,,0,0,0,0,0,,0,,20,0,,0,17,,,0,,,,,,,0,0
33860,MONTGOMERY,2025,TRUE,three_year_total,"2023,2024,2025",TRUE,TRUE,26,29,24,,,18,,,0,62.1,17.2,20.7,0.0,,,,,,29,25,58,,,,0,,,11,,,0,,,,17,,0,0,0,0,,,0,0,23,0,,0,,,12,,,10,,,,,0,0
33874,MONTGOMERY COUNTY-BUCKS COUNTY-CHESTER COUNTY,2025,TRUE,single_year,2025,TRUE,TRUE,13,120,99,17,,86,30,,0,71.7,25.0,3.3,0.0,110000,84500,159500,370000,6.5,119,116,192,,28,18,38,18,12,,26,15,36,,,,78,12,,0,,0,,24,0,11,89,,19,0,67,24,25,,15,51,27,14,10,,0,0
34060,MORGANTOWN,2025,TRUE,three_year_total,"2023,2024,2025",TRUE,TRUE,24,43,34,,,26,14,,0,60.5,32.6,7.0,0.0,,,,,,42,40,72,0,12,,,,,,12,,,,,,31,,0,0,,0,0,,0,,34,0,,0,19,11,,,,18,12,,,,0,0
34100,MORRISTOWN,2025,TRUE,three_year_total,"2023,2024,2025",TRUE,TRUE,26,27,23,,,17,,,0,63.0,29.6,7.4,0.0,,,,,,27,25,60,0,,,,,,11,,,,0,,11,21,,0,0,0,0,0,,0,,16,,,0,10,,12,,,,,,,,0,0
34580,MOUNT VERNON-ANACORTES,2025,TRUE,three_year_total,"2023,2024,2025",TRUE,TRUE,23,62,54,,,56,,,0,90.3,8.1,1.6,0.0,,,,,,62,58,28,,36,,11,,,,36,,10,0,0,,46,0,,,0,0,,,0,,46,0,,0,14,10,35,,,14,16,,,,,0
34620,MUNCIE,2025,TRUE,three_year_total,"2023,2024,2025",TRUE,TRUE,24,10,,,0,,,0,0,90.0,10.0,0.0,0.0,,,,,,10,10,90,0,,0,,,0,0,,0,,0,0,0,,,0,0,0,0,0,,0,,,0,,0,,,,,,,0,,,,0,0
34740,MUSKEGON-NORTON SHORES,2025,TRUE,three_year_total,"2023,2024,2025",TRUE,TRUE,25,45,33,,,26,16,,0,57.8,35.6,6.7,0.0,,,,,,45,44,81,,10,,12,14,,,,,12,,,,33,,0,0,0,0,,,0,,35,0,,0,28,,,,10,19,,,,,,0
34820,MYRTLE BEACH-CONWAY-NORTH MYRTLE BEACH,2025,TRUE,three_year_total,"2023,2024,2025",TRUE,TRUE,27,49,43,,,39,,,0,79.6,12.2,8.2,0.0,,,,,,47,31,168,,,,,,,21,,,,0,0,20,41,,,0,,0,0,,0,,44,0,,0,16,14,18,,,,,,11,,,
34900,NAPA,2025,TRUE,three_year_total,"2023,2024,2025",TRUE,TRUE,23,24,18,,0,20,,,0,83.3,12.5,4.2,0.0,,,,,,22,24,27,0,12,,,,,,12,,,0,0,,17,0,,0,0,0,0,,0,10,,,,0,,,15,,0,,11,,,,0,0
34940,NAPLES-MARCO ISLAND,2025,TRUE,three_year_total,"2023,2024,2025",TRUE,TRUE,22,61,56,,,44,16,,0,72.1,26.2,1.6,0.0,,,,,,59,53,77,0,25,,,13,,,25,,,0,0,,51,,,0,0,0,,,0,19,35,,,0,23,12,24,,,11,21,,,,,0
34980,NASHVILLE-DAVIDSON--MURFREESBORO--FRANKLIN,2025,TRUE,single_year,2025,TRUE,TRUE,11,140,131,,,107,30,,0,76.4,21.4,2.1,0.0,110000,82500,182500,390000,6.625,139,119,256,,49,13,26,19,,31,48,,22,0,0,28,106,11,,0,,0,,18,0,11,108,,17,0,48,24,59,,12,40,29,15,18,16,10,0
35004,NASSAU COUNTY-SUFFOLK COUNTY,2025,TRUE,single_year,2025,TRUE,TRUE,15,212,208,,0,154,56,,0,72.6,26.4,0.9,0.0,193000,162000,245000,720000,6.5,210,210,208,0,98,38,42,26,,,97,28,24,0,,,109,22,44,,,,,32,0,47,133,,24,0,94,36,77,,,76,70,34,19,,,0
35084,NEWARK,2025,TRUE,single_year,2025,FALSE,TRUE,6,1357,1106,206,45,627,683,47,0,46.2,50.3,3.5,0.0,162000,133000,197000,655000,6.5,1342,1344,753,54,181,180,365,460,139,32,165,120,263,,51,25,532,418,57,,,,21,312,0,516,610,32,199,0,515,343,415,84,57,524,401,260,94,18,,
35300,NEW HAVEN,2025,TRUE,single_year,2025,TRUE,TRUE,9,305,219,76,10,187,112,,0,61.3,36.7,2.0,0.0,112000,90000,145000,405000,6.625,302,305,240,11,51,46,87,64,53,,49,41,67,,26,,138,76,12,,,0,,74,0,114,145,,41,0,145,94,51,15,29,120,83,44,23,,0,0
35380,NEW ORLEANS-METAIRIE,2025,TRUE,single_year,2025,TRUE,TRUE,9,429,365,31,33,215,184,30,0,50.1,42.9,7.0,0.0,115000,81000,165000,305000,6.5,428,421,354,,77,55,89,138,48,22,76,47,68,,,,204,127,17,,,0,,73,0,53,310,,61,0,173,147,86,23,26,143,141,80,24,14,,0
35614,NEW YORK-JERSEY CITY-WHITE PLAINS,2025,TRUE,single_year,2025,FALSE,TRUE,3,5658,4960,569,129,4291,1268,99,0,75.8,22.4,1.7,0.0,189000,151000,256000,765000,6.5,5434,5507,3523,121,2909,805,806,745,203,190,2858,620,551,15,74,173,2158,775,1611,18,11,36,154,893,,1198,3727,123,609,,2174,1213,2040,231,201,1730,2015,1093,478,118,17,
35660,NILES,2025,TRUE,three_year_total,"2023,2024,2025",TRUE,TRUE,24,50,38,,,36,,,0,72.0,16.0,12.0,0.0,,,,,,47,50,72,,13,,15,,,,13,,15,0,0,0,36,,,0,0,0,0,,0,,44,0,,0,26,,14,,,23,,,,,,
35840,NORTH PORT-BRADENTON-SARASOTA,2025,TRUE,three_year_total,"2023,2024,2025",TRUE,TRUE,9,159,143,11,,86,63,10,0,54.1,39.6,6.3,0.0,,,,,,156,148,220,,34,22,25,48,19,11,33,19,20,0,,11,112,18,,0,0,,,22,0,43,83,,24,0,55,29,63,12,13,47,40,25,19,10,,
35980,NORWICH-NEW LONDON-WILLIMANTIC,2025,TRUE,single_year,2025,TRUE,TRUE,13,129,104,18,,70,54,,0,54.3,41.9,3.9,0.0,90500,76000,111000,315000,6.375,128,129,120,,15,10,27,27,48,,15,,23,0,21,,73,25,,,0,0,,24,0,44,69,,15,0,74,32,17,,26,47,22,18,11,,,0
36084,OAKLAND-FREMONT-BERKELEY,2025,TRUE,single_year,2025,FALSE,TRUE,7,326,203,58,65,259,56,11,0,79.4,17.2,3.4,0.0,207000,159000,299000,745000,6.5,325,326,241,19,149,47,71,40,16,,146,43,64,0,,,115,34,61,,,,19,91,0,66,174,17,68,,131,67,101,27,11,114,117,47,27,10,0,0
36100,OCALA,2025,TRUE,three_year_total,"2023,2024,2025",TRUE,TRUE,15,66,54,,10,40,16,10,0,60.6,24.2,15.2,0.0,,,,,,66,59,124,,12,11,,11,11,12,12,10,,0,0,10,38,14,,,0,,0,,0,22,36,0,,0,31,14,18,,,21,16,,,,,0
36220,ODESSA,2025,TRUE,three_year_total,"2023,2024,2025",TRUE,TRUE,20,11,10,,0,,,0,0,45.5,54.5,0.0,0.0,,,,,,11,11,15,0,0,0,,,,,0,0,,0,0,,,0,0,,0,0,0,,0,,,0,0,0,,,,0,,,,0,0,0,0,0
36260,OGDEN,2025,TRUE,three_year_total,"2023,2024,2025",TRUE,TRUE,17,113,97,,12,70,29,14,0,61.9,25.7,12.4,0.0,,,,,,112,112,102,,23,,41,21,12,,23,,38,0,,,85,,,,,,,21,0,13,73,,23,0,51,13,38,11,30,41,24,10,,,,0
36420,OKLAHOMA CITY,2025,TRUE,single_year,2025,TRUE,TRUE,14,100,87,,,66,16,18,0,66.0,16.0,18.0,0.0,108000,83000,173000,320000,6.625,93,78,409,,21,12,12,14,14,27,21,12,,,0,22,55,14,,,0,0,,18,0,12,67,,16,0,38,18,37,,,28,23,15,,13,,
36500,OLYMPIA-LACEY-TUMWATER,2025,TRUE,three_year_total,"2023,2024,2025",TRUE,TRUE,19,102,95,,,58,21,23,0,56.9,20.6,22.5,0.0,,,,,,99,102,87,,39,10,13,11,26,,38,,,,,0,59,,,,,,,21,0,11,68,,22,0,31,17,42,12,,36,19,20,,11,,
36540,OMAHA,2025,TRUE,single_year,2025,TRUE,TRUE,18,64,51,,,42,11,11,0,65.6,17.2,17.2,0.0,102000,77000,166000,315000,6.625,63,54,165,,13,,12,,12,12,13,,,0,,10,41,,,0,0,0,0,14,0,,45,0,12,0,35,,19,,,14,18,,,,,0
36740,ORLANDO-KISSIMMEE-SANFORD,2025,TRUE,single_year,2025,TRUE,TRUE,19,72,63,,,40,23,,0,55.6,31.9,12.5,0.0,128500,85000,172000,445000,6.375,72,68,99,,15,11,13,20,,,14,,13,,,,34,20,,0,0,0,,15,0,14,40,,16,0,29,12,25,,,33,14,,,,,0
36780,OSHKOSH-NEENAH,2025,TRUE,single_year,2025,TRUE,TRUE,24,55,53,,,40,10,,0,72.7,18.2,9.1,0.0,65000,51500,98500,195000,6.612,55,50,77,0,,,20,,,,,,17,,,,43,,,,0,0,0,,0,,45,0,,0,36,12,,0,11,19,,,,,0,0
36980,OWENSBORO,2025,TRUE,three_year_total,"2023,2024,2025",TRUE,TRUE,26,12,10,0,,,,0,0,75.0,25.0,0.0,0.0,,,,,,10,11,71,,,0,,,0,,,0,0,0,0,,,,0,0,0,0,0,,0,0,,0,,0,,,,,0,,,,,,,
37100,OXNARD-THOUSAND OAKS-VENTURA,2025,TRUE,three_year_total,"2023,2024,2025",TRUE,TRUE,14,95,75,13,,66,23,,0,69.5,24.2,6.3,0.0,,,,,,88,94,109,,42,17,18,11,,,39,14,11,0,0,,59,0,,,0,0,,30,0,35,29,,28,0,32,10,42,11,,29,25,13,10,,,
37140,PADUCAH,2025,TRUE,three_year_total,"2024,2025",TRUE,TRUE,22,17,17,0,0,15,,0,0,88.2,11.8,0.0,0.0,,,,,,16,11,68,0,,,0,,,13,,,0,0,0,13,14,,0,0,0,0,,,0,0,15,0,,0,,,,,,,,,,,,0
37340,PALM BAY-MELBOURNE-TITUSVILLE,2025,TRUE,three_year_total,"2023,2024,2025",TRUE,TRUE,17,63,48,,,36,13,14,0,57.1,20.6,22.2,0.0,,,,,,63,61,103,,15,10,12,11,13,,15,,11,0,0,,39,11,,0,0,0,,10,0,,47,,10,0,38,,12,,,24,,15,,,,0
37460,PANAMA CITY-PANAMA CITY BEACH,2025,TRUE,three_year_total,"2023,2024,2025",TRUE,TRUE,22,66,54,,,39,12,15,0,59.1,18.2,22.7,0.0,,,,,,65,65,109,,21,,12,11,,,19,,,0,,,47,,,0,0,,,10,0,,44,,14,0,26,12,20,,,21,,19,,,,0
37620,PARKERSBURG-VIENNA,2025,TRUE,three_year_total,"2023,2024,2025",TRUE,TRUE,23,22,20,,0,18,,0,0,81.8,18.2,0.0,0.0,,,,,,21,,42,0,,0,,,,17,,0,0,0,0,17,19,,0,0,0,0,0,,0,,19,0,,0,,,,,,,,,,,,0
37860,PENSACOLA-FERRY PASS-BRENT,2025,TRUE,single_year,2025,TRUE,TRUE,19,53,30,11,12,28,,18,0,52.8,13.2,34.0,0.0,137000,101000,201000,385000,6.625,52,53,62,,10,,11,,14,,,,11,0,,,34,,0,0,0,0,,,0,,41,,,0,29,10,13,,,17,16,11,,,0,0
37900,PEORIA,2025,TRUE,three_year_total,"2023,2024,2025",TRUE,TRUE,17,89,78,,,60,21,,0,67.4,23.6,9.0,0.0,,,,,,88,78,276,,22,,15,16,13,14,21,,15,0,,11,59,12,,0,0,0,,14,0,,70,,12,0,40,20,22,,,27,25,,11,,,
37964,PHILADELPHIA,2025,TRUE,single_year,2025,FALSE,TRUE,8,625,479,112,34,322,263,40,0,51.5,42.1,6.4,0.0,99000,77000,137000,315000,6.5,621,620,720,25,97,68,154,132,148,26,90,53,137,,30,10,182,223,69,,,,,133,,80,434,,105,0,321,195,72,37,58,259,173,78,42,13,,0
38060,PHOENIX-MESA-CHANDLER,2025,TRUE,single_year,2025,TRUE,TRUE,13,123,78,22,23,73,38,12,0,59.3,30.9,9.8,0.0,126500,92750,174250,515000,6.25,122,118,193,,14,19,45,25,15,,14,14,38,0,,,80,,,,0,0,,25,0,49,52,,19,0,80,13,22,,21,43,33,13,,,,0
38240,PINEHURST-SOUTHERN PINES,2025,TRUE,three_year_total,"2024,2025",TRUE,TRUE,22,,,,0,,0,,0,75.0,0.0,25.0,0.0,,,,,,,,11,0,,0,0,0,,,,0,0,0,0,,,0,0,0,0,0,0,,0,,,0,,0,,0,,0,0,,,,0,0,0,0
38300,PITTSBURGH,2025,TRUE,single_year,2025,FALSE,TRUE,6,337,284,34,19,237,80,20,0,70.3,23.7,5.9,0.0,88000,62000,138000,225000,6.75,333,318,562,12,96,29,90,59,37,26,95,24,85,0,12,21,241,43,14,,,,,33,0,15,282,,35,0,176,72,73,16,44,128,74,39,32,17,,0
38340,PITTSFIELD,2025,TRUE,single_year,2025,TRUE,TRUE,13,92,74,10,,64,27,,0,69.6,29.3,1.1,0.0,92000,76000,115500,270000,6.5,92,87,71,,18,13,17,19,20,,18,11,16,,12,,66,13,0,0,0,,,11,0,26,56,,,0,47,19,24,,10,28,25,13,10,,,0
38540,POCATELLO,2025,TRUE,three_year_total,"2023,2024,2025",TRUE,TRUE,21,53,43,,,28,19,,0,52.8,35.8,11.3,0.0,,,,,,53,51,83,0,,,11,15,,10,,,10,0,,,49,,,0,0,0,,0,0,,43,,,0,20,,25,0,18,23,,,,,0,0
38660,PONCE,2025,TRUE,three_year_total,"2023,2024,2025",TRUE,TRUE,17,65,54,,,,47,,0,13.8,72.3,13.8,0.0,,,,,,65,65,,0,,,0,20,32,,,0,0,0,,0,59,,0,0,0,0,,,0,65,0,0,0,0,31,14,20,0,,29,19,,,0,,0
38860,PORTLAND-SOUTH PORTLAND,2025,TRUE,single_year,2025,TRUE,TRUE,8,241,175,53,13,173,62,,0,71.8,25.7,2.5,0.0,144000,107000,199000,535000,6.625,237,219,125,14,74,36,53,48,,22,74,30,47,0,0,22,167,34,,0,0,0,,29,0,,199,,29,0,84,44,97,16,18,99,67,27,18,,,0
38900,PORTLAND-VANCOUVER-HILLSBORO,2025,TRUE,single_year,2025,TRUE,TRUE,11,241,202,24,15,174,54,13,0,72.2,22.4,5.4,0.0,143000,110750,202250,525000,6.5,240,239,189,,77,46,65,35,13,,75,41,53,0,,,168,,13,,,,,38,0,38,165,,30,0,107,56,62,16,22,82,59,43,18,12,,0
38940,PORT ST. LUCIE,2025,TRUE,three_year_total,"2023,2024,2025",TRUE,TRUE,16,69,52,,,39,24,,0,56.5,34.8,8.7,0.0,,,,,,69,64,129,0,15,15,13,12,,,15,,11,0,0,,44,13,,0,,0,0,,0,19,33,,10,0,36,11,20,,,24,17,12,,,,0
39150,PRESCOTT VALLEY-PRESCOTT,2025,TRUE,three_year_total,"2023,2024,2025",TRUE,TRUE,23,61,55,,,50,,,0,82.0,14.8,3.3,0.0,,,,,,61,61,79,,41,,,,,,41,,,0,0,0,52,0,0,,0,0,0,,0,,41,,,0,18,,28,,,10,,,12,14,,0
39300,PROVIDENCE-WARWICK,2025,TRUE,single_year,2025,FALSE,TRUE,5,1610,1049,481,80,722,830,58,0,44.8,51.6,3.6,0.0,128000,107000,153000,545000,6.5,1604,1602,584,66,200,127,399,401,467,16,187,92,318,21,97,,755,429,42,15,,,38,323,0,527,821,36,226,0,689,405,457,59,137,655,441,222,121,24,,
39340,PROVO-OREM-LEHI,2025,TRUE,three_year_total,"2023,2024,2025",TRUE,TRUE,15,126,105,,15,90,35,,0,71.4,27.8,0.8,0.0,,,,,,125,126,129,,40,23,36,22,,,39,20,29,0,0,,96,0,,,,0,,21,0,,91,,22,0,70,,39,11,33,58,15,11,,,0,0
39380,PUEBLO,2025,TRUE,three_year_total,"2023,2024,2025",TRUE,TRUE,13,93,74,,11,42,31,20,0,45.2,33.3,21.5,0.0,,,,,,93,93,107,,21,,22,20,20,,18,,17,0,0,0,62,,,0,0,0,,18,0,27,44,,19,0,47,23,19,,12,25,26,11,,,,0
39460,PUNTA GORDA,2025,TRUE,three_year_total,"2023,2024,2025",TRUE,TRUE,12,91,85,,,53,31,,0,58.2,34.1,7.7,0.0,,,,,,89,82,153,0,22,10,16,22,,13,21,,12,0,,10,69,,,0,0,0,0,16,0,19,53,,17,0,38,17,29,,11,19,20,17,11,,,0
39540,RACINE-MOUNT PLEASANT,2025,TRUE,single_year,2025,TRUE,TRUE,19,80,73,,,56,20,,0,70.0,25.0,5.0,0.0,75000,62000,119500,240000,6.625,79,79,73,,24,10,25,14,,,24,,24,0,0,,60,,,,,0,,,0,21,48,,,0,44,17,18,,,25,15,17,12,0,,0
39580,RALEIGH-CARY,2025,TRUE,three_year_total,"2023,2024,2025",TRUE,TRUE,16,82,71,,,61,16,,0,74.4,19.5,6.1,0.0,,,,,,81,78,208,,26,,19,11,,10,26,,14,0,,10,43,13,,0,0,0,,18,0,,60,0,14,0,34,20,20,,,27,20,10,13,,,
39660,RAPID CITY,2025,TRUE,three_year_total,"2023,2024,2025",TRUE,TRUE,25,41,33,,,19,15,,0,46.3,36.6,17.1,0.0,,,,,,40,33,61,,,,,,11,11,,,,0,,,33,0,,0,0,0,0,,0,,28,,,0,20,11,,,10,13,,,,,,0
39740,READING,2025,TRUE,single_year,2025,TRUE,TRUE,20,60,43,13,,23,34,,0,38.3,56.7,5.0,0.0,79000,60000,104000,260000,6.625,60,60,125,,,,16,21,,,,,12,0,,0,34,,,,0,0,0,17,0,41,14,0,,0,32,18,,,,25,10,11,,,,0
39820,REDDING,2025,TRUE,three_year_total,"2023,2024,2025",TRUE,TRUE,25,39,28,,,22,14,,0,56.4,35.9,7.7,0.0,,,,,,37,38,56,,,,13,,,,,,13,0,0,,30,,,0,0,0,0,,0,,27,,,0,19,,,,,13,12,,,,0,0
39900,RENO,2025,TRUE,three_year_total,"2023,2024,2025",TRUE,TRUE,14,64,47,,,44,15,,0,68.8,23.4,7.8,0.0,,,,,,64,64,82,,24,12,15,,,0,22,10,12,0,0,0,44,,,0,0,0,,13,0,17,36,0,11,0,31,14,14,,,14,22,13,,,,0
40060,RICHMOND,2025,TRUE,single_year,2025,TRUE,TRUE,19,59,56,,,34,17,,0,57.6,28.8,13.6,0.0,120000,81500,198500,395000,6.625,59,57,107,0,,12,20,11,,,,,16,0,0,,25,14,,,0,0,,13,0,,46,0,10,0,30,19,,,,26,20,,,,0,0
40140,RIVERSIDE-SAN BERNARDINO-ONTARIO,2025,TRUE,single_year,2025,TRUE,TRUE,12,160,124,22,14,74,73,13,0,46.2,45.6,8.1,0.0,134500,100250,173750,495000,6.5,158,159,277,,37,13,35,48,19,,33,,27,,,,99,10,,,0,,,38,0,96,28,,33,0,85,27,37,11,11,67,36,25,16,,0,0
40220,ROANOKE,2025,TRUE,three_year_total,"2023,2024,2025",TRUE,TRUE,24,66,53,,,41,23,,0,62.1,34.8,3.0,0.0,,,,,,65,61,196,,,,20,17,,11,,,18,0,,,41,,,,0,0,,12,0,,45,,12,0,29,15,14,,,21,19,,,,,
40340,ROCHESTER,2025,TRUE,three_year_total,"2023,2024,2025",TRUE,TRUE,23,62,54,,,55,,,0,88.7,6.5,4.8,0.0,,,,,,62,50,124,,18,,14,,,12,18,,14,0,,12,54,,,0,0,0,,,0,,47,,,0,22,10,27,,,26,11,,,,,0
40380,ROCHESTER,2025,TRUE,single_year,2025,FALSE,TRUE,9,272,237,23,12,201,61,10,0,73.9,22.4,3.7,0.0,73000,55000,95500,175000,6.625,271,271,339,11,53,36,85,47,48,,52,32,76,,38,0,152,61,,,,0,,48,0,36,193,0,43,0,154,74,31,13,44,109,60,24,23,,,
40420,ROCKFORD,2025,TRUE,single_year,2025,TRUE,TRUE,25,52,38,,,38,10,,0,73.1,19.2,7.7,0.0,82000,49750,98250,190000,6.75,52,51,157,,14,,18,,,,13,,15,,,,32,,,,0,,,10,0,22,23,,,0,21,19,10,,,20,,,,,0,0
40484,ROCKINGHAM COUNTY-STRAFFORD COUNTY,2025,TRUE,single_year,2025,TRUE,TRUE,14,103,87,11,,72,20,11,0,69.9,19.4,10.7,0.0,151000,113500,191000,525000,6.5,103,99,80,,25,17,36,11,,,23,16,29,0,0,,86,,,0,0,0,,12,0,,79,,12,0,47,14,37,,15,53,14,12,,,,0
40580,ROCKY MOUNT,2025,TRUE,three_year_total,"2023,2024,2025",TRUE,TRUE,27,14,11,,,,,,0,42.9,28.6,28.6,0.0,,,,,,14,14,53,0,0,,,,,,0,,0,0,0,,,,0,0,0,0,0,,0,,,0,,0,,,,,,,,,,0,0,0
40660,ROME,2025,TRUE,three_year_total,"2023,2024,2025",TRUE,TRUE,27,22,20,0,,13,,,0,59.1,22.7,18.2,0.0,,,,,,22,22,60,0,,,,,,,,,,0,0,,13,,,0,0,0,0,,0,,13,0,,0,16,,,,,,,,,0,,0
40900,SACRAMENTO-ROSEVILLE-FOLSOM,2025,TRUE,single_year,2025,TRUE,TRUE,11,213,187,15,11,141,54,18,0,66.2,25.4,8.5,0.0,153500,121750,198000,545000,6.625,212,213,245,,70,27,50,34,29,,67,24,44,0,,,105,16,23,,,,,54,0,46,114,,49,0,76,56,61,20,16,79,66,29,14,,,0
40980,SAGINAW,2025,TRUE,three_year_total,"2023,2024,2025",TRUE,TRUE,19,53,43,,,35,14,,0,66.0,26.4,7.5,0.0,,,,,,53,50,112,0,,12,12,,,,,11,11,0,,,39,,0,0,0,0,0,,0,,43,0,,0,20,14,15,,12,15,,,,,0,0
41060,ST. CLOUD,2025,TRUE,three_year_total,"2023,2024,2025",TRUE,TRUE,22,45,39,,,25,15,,0,55.6,33.3,11.1,0.0,,,,,,45,41,55,,,,10,,10,,,,,0,,,36,,0,0,0,0,0,,0,,33,0,,0,23,,15,,,19,11,,,0,0,0
41100,ST. GEORGE,2025,TRUE,three_year_total,"2023,2024,2025",TRUE,TRUE,20,12,12,0,0,10,,,0,83.3,8.3,8.3,0.0,,,,,,11,12,18,0,,,0,,,0,,,0,0,0,0,10,0,0,0,0,0,0,,0,,,0,,0,,,,0,0,,,,,,0,0
41140,ST. JOSEPH,2025,TRUE,three_year_total,"2023,2024,2025",TRUE,TRUE,19,52,49,,,37,12,,0,71.2,23.1,5.8,0.0,,,,,,52,37,121,0,11,,,,,17,11,,,0,,15,42,,,0,0,0,0,,0,10,38,0,,0,22,14,15,,,13,11,10,,,,0
41180,ST. LOUIS,2025,TRUE,single_year,2025,FALSE,TRUE,3,429,364,22,43,308,84,37,0,71.8,19.6,8.6,0.0,107000,76000,157000,295000,6.75,426,396,765,14,121,64,89,48,65,42,120,59,82,,14,32,276,79,11,0,0,0,10,53,0,22,355,,49,0,162,96,149,22,36,157,104,49,40,29,13,
41304,ST. PETERSBURG-CLEARWATER-LARGO,2025,TRUE,single_year,2025,TRUE,TRUE,12,112,89,13,10,65,28,19,0,58.0,25.0,17.0,0.0,123000,87500,179000,425000,6.575,111,110,116,,25,15,34,19,14,,23,11,29,0,0,,80,,10,0,,,,12,0,17,82,,10,0,56,24,29,,12,40,27,22,,,,0
41420,SALEM,2025,TRUE,three_year_total,"2023,2024,2025",TRUE,TRUE,18,135,117,,,74,52,,0,54.8,38.5,6.7,0.0,,,,,,131,135,105,,38,18,33,35,,,37,13,23,0,,0,92,,,,,,,26,0,37,72,,19,0,59,22,47,,22,51,24,21,11,,,
41500,SALINAS,2025,TRUE,three_year_total,"2023,2024,2025",TRUE,TRUE,15,66,48,17,,49,16,,0,74.2,24.2,1.5,0.0,,,,,,64,66,79,,34,,12,11,,,33,,11,0,0,,49,,,0,0,0,,12,0,39,17,0,10,0,25,15,23,,,24,24,11,,,0,0
41540,SALISBURY,2025,TRUE,three_year_total,"2023,2024,2025",TRUE,TRUE,25,33,28,,,26,,0,0,78.8,21.2,0.0,0.0,,,,,,33,18,46,0,,,,,,16,,,,0,0,16,22,,0,0,0,,0,,0,,22,,,0,14,,12,,,,,,,,0,0
41620,SALT LAKE CITY-MURRAY,2025,TRUE,single_year,2025,TRUE,TRUE,18,79,59,,13,57,17,,0,72.2,21.5,6.3,0.0,150000,119500,225750,635000,6.5,76,78,103,,28,,23,13,,,27,,21,,0,,63,0,,0,,0,,,0,10,60,,,0,39,10,25,,13,36,13,12,,0,0,
41660,SAN ANGELO,2025,TRUE,three_year_total,"2023,2024,2025",TRUE,TRUE,28,35,32,,,29,,,0,82.9,8.6,8.6,0.0,,,,,,35,21,24,0,,,,,,17,,,,0,,16,28,,0,,0,0,0,,0,,26,,,0,,10,15,,,,,,,,,0
41700,SAN ANTONIO-NEW BRAUNFELS,2025,TRUE,single_year,2025,TRUE,TRUE,9,212,168,,36,79,57,76,0,37.3,26.9,35.8,0.0,109000,82000,157000,365000,6.125,177,198,257,17,34,17,35,34,72,20,28,14,27,0,,,118,32,,,0,,,42,0,70,93,18,31,0,118,39,44,11,25,77,53,28,18,,,0
41740,SAN DIEGO-CHULA VISTA-CARLSBAD,2025,TRUE,single_year,2025,TRUE,TRUE,12,264,191,52,21,162,38,64,0,61.4,14.4,24.2,0.0,224500,167750,317750,885000,6.375,260,264,268,,102,40,32,29,54,,98,32,26,,0,,139,,27,,,,21,63,0,64,130,,61,0,100,48,96,20,13,108,78,33,21,,,
41780,SANDUSKY,2025,TRUE,three_year_total,"2024,2025",TRUE,TRUE,24,24,21,,,17,,,0,70.8,25.0,4.2,0.0,,,,,,24,20,50,0,,,10,,,,,0,,0,0,,16,,0,0,0,0,0,,0,,16,,,0,17,,,,,13,,,,0,0,0
41884,SAN FRANCISCO-SAN MATEO-REDWOOD CITY,2025,TRUE,single_year,2025,TRUE,TRUE,12,287,208,52,27,273,12,,0,95.1,4.2,0.7,0.0,366000,259500,478500,1185000,6.375,279,282,191,15,232,23,,10,,12,231,22,,0,,12,111,,87,,,,22,58,0,19,199,12,57,0,99,44,121,23,,80,98,56,34,10,,
41940,SAN JOSE-SUNNYVALE-SANTA CLARA,2025,TRUE,single_year,2025,TRUE,TRUE,17,87,66,,15,83,,,0,95.4,2.3,2.3,0.0,302000,214000,444000,1095000,6.125,85,87,161,,72,,,0,,,72,,,0,0,,19,,51,0,0,0,,15,0,12,62,0,13,0,32,13,34,,,25,28,22,,,0,0
41980,SAN JUAN-BAYAMÓN-CAGUAS,2025,TRUE,single_year,2025,TRUE,TRUE,8,569,437,92,40,74,452,43,0,13.0,79.4,7.6,0.0,55000,40000,76000,165000,6,563,555,109,,50,31,26,189,130,143,19,19,16,0,,11,481,42,0,,0,0,10,35,0,552,13,,,0,282,184,102,,37,240,149,79,45,15,,
42020,SAN LUIS OBISPO-PASO ROBLES,2025,TRUE,three_year_total,"2023,2024,2025",TRUE,TRUE,23,48,36,,,42,,,0,87.5,10.4,2.1,0.0,,,,,,48,48,80,,28,,,,0,,28,,,0,0,,34,0,,,0,0,,10,0,,28,,11,0,12,,26,,,14,16,,,,0,0
42034,SAN RAFAEL,2025,TRUE,three_year_total,"2023,2024,2025",TRUE,TRUE,19,77,61,,,71,,,0,92.2,3.9,3.9,0.0,,,,,,74,77,38,,67,,,,0,,65,,0,0,0,,57,,,0,0,0,,,0,,62,0,12,0,20,23,31,,0,15,24,17,16,,,0
42100,SANTA CRUZ-WATSONVILLE,2025,TRUE,three_year_total,"2023,2024,2025",TRUE,TRUE,22,48,36,,,43,,0,0,89.6,10.4,0.0,0.0,,,,,,48,48,61,,35,,,,0,,35,,,0,0,,32,,,0,0,0,,,0,,25,,11,0,17,,23,,0,11,16,,,,0,0
42140,SANTA FE,2025,TRUE,three_year_total,"2023,2024,2025",TRUE,TRUE,25,18,12,,,15,,,0,83.3,11.1,5.6,0.0,,,,,,18,17,31,0,11,,,0,,,11,,,0,0,,16,0,,0,0,0,0,,0,,15,,,0,,,,,0,,,0,,,,0
42200,SANTA MARIA-SANTA BARBARA,2025,TRUE,three_year_total,"2023,2024,2025",TRUE,TRUE,19,72,52,13,,61,10,,0,84.7,13.9,1.4,0.0,,,,,,69,69,102,0,53,,,,,,52,,,0,,,48,0,,0,0,0,,19,0,16,36,,16,0,18,10,36,,0,25,20,13,,,,
42220,SANTA ROSA-PETALUMA,2025,TRUE,three_year_total,"2023,2024,2025",TRUE,TRUE,13,165,122,27,16,134,28,,0,81.2,17.0,1.8,0.0,,,,,,164,161,142,,86,34,23,14,,,83,30,15,0,,,109,,,,0,0,,37,0,41,91,,28,0,45,46,67,,13,50,44,25,20,10,,0
42340,SAVANNAH,2025,TRUE,three_year_total,"2023,2024,2025",TRUE,TRUE,12,105,80,12,13,58,20,27,0,55.2,19.0,25.7,0.0,,,,,,103,96,196,,26,14,19,12,22,12,24,13,12,0,0,,60,15,,,,0,,20,0,,74,,21,,54,19,19,13,19,42,20,11,,,0,
42540,SCRANTON--WILKES-BARRE,2025,TRUE,single_year,2025,FALSE,TRUE,10,329,271,44,14,165,153,11,0,50.2,46.5,3.3,0.0,74000,60000,97000,245000,6.625,329,327,532,11,33,24,114,117,34,,32,23,102,0,,,171,40,,,,,,100,0,194,91,,42,0,174,84,53,18,33,129,81,46,27,10,,0
42644,SEATTLE-BELLEVUE-KENT,2025,TRUE,single_year,2025,TRUE,TRUE,16,114,68,21,25,103,,,0,90.4,5.3,4.4,0.0,221000,180000,306500,875000,6.562,110,113,108,11,66,13,26,,,,66,13,23,0,0,,52,,27,0,0,0,,20,0,,84,,17,0,47,13,45,,,42,43,,,,,0
42680,SEBASTIAN-VERO BEACH-WEST VERO CORRIDOR,2025,TRUE,three_year_total,"2023,2024,2025",TRUE,TRUE,30,23,20,,,13,,,0,56.5,34.8,8.7,0.0,,,,,,23,20,26,,,,,,,,,,,0,0,,19,,0,,0,0,0,,0,,16,0,,0,10,,,,,,,,,,,0
42700,SEBRING,2025,TRUE,three_year_total,"2023,2024,2025",TRUE,TRUE,23,23,22,,0,16,,0,0,69.6,30.4,0.0,0.0,,,,,,22,11,63,0,,0,,,,12,,0,,0,0,12,19,,0,0,0,0,,,0,10,11,,,0,,,11,,,,,,,,,0
43100,SHEBOYGAN,2025,TRUE,three_year_total,"2023,2024,2025",TRUE,TRUE,12,100,96,,,77,20,,0,77.0,20.0,3.0,0.0,,,,,,99,89,155,,23,20,23,13,,12,23,20,22,0,,11,75,,,0,0,0,0,19,0,20,62,,16,0,53,24,19,,18,41,15,14,,,0,0
43300,SHERMAN-DENISON,2025,TRUE,three_year_total,"2023,2024,2025",TRUE,TRUE,25,39,35,,,27,10,,0,69.2,25.6,5.1,0.0,,,,,,38,37,128,,13,,,,,,13,,,0,0,,22,,,,0,0,0,,0,,24,0,,0,19,,14,,,10,,10,,,,0
43340,SHREVEPORT-BOSSIER CITY,2025,TRUE,three_year_total,"2023,2024,2025",TRUE,TRUE,24,27,22,,,12,,,0,44.4,25.9,29.6,0.0,,,,,,27,22,135,0,,,0,,,,,,0,0,,,14,10,0,0,0,0,0,,0,0,23,0,,0,11,,,,,,,,,,0,0
43420,SIERRA VISTA-DOUGLAS,2025,TRUE,three_year_total,"2023,2024,2025",TRUE,TRUE,30,19,,,,11,,,0,57.9,31.6,10.5,0.0,,,,,,19,19,10,,,,,,,,,,,0,0,,15,0,,0,0,0,0,,0,,,0,,0,11,,,0,,,,,,,,0
43580,SIOUX CITY,2025,TRUE,three_year_total,"2023,2024,2025",TRUE,TRUE,21,71,64,,,59,12,0,0,83.1,16.9,0.0,0.0,,,,,,66,36,150,,15,,,,,35,15,,,0,0,35,58,,,0,,0,0,,0,12,55,,,0,23,,39,,,19,14,12,,10,,
43620,SIOUX FALLS,2025,TRUE,three_year_total,"2023,2024,2025",TRUE,TRUE,16,87,67,,16,49,32,,0,56.3,36.8,6.9,0.0,,,,,,87,75,156,,13,10,13,20,18,13,13,,12,,,11,68,,,,0,0,0,10,0,,71,,10,0,51,11,23,,26,30,14,,,,,0
43640,SLIDELL-MANDEVILLE-COVINGTON,2025,TRUE,three_year_total,"2024,2025",TRUE,TRUE,25,31,24,,,20,,,0,64.5,25.8,9.7,0.0,,,,,,30,19,44,,,0,,,,14,,0,,0,0,13,19,,0,0,0,0,,,0,,23,,,0,12,,12,,,10,,,,,0,
43780,SOUTH BEND-MISHAWAKA,2025,TRUE,three_year_total,"2023,2024,2025",TRUE,TRUE,26,30,25,,,23,,0,0,76.7,23.3,0.0,0.0,,,,,,30,29,88,0,,,11,,,,,,11,0,0,,18,,,0,0,0,,,0,,19,0,,0,11,,12,,,,,,,,,0
43900,SPARTANBURG,2025,TRUE,three_year_total,"2023,2024,2025",TRUE,TRUE,15,92,89,,,48,34,10,0,52.2,37.0,10.9,0.0,,,,,,92,92,122,0,11,,25,23,,19,11,,18,0,0,14,58,20,,0,0,0,0,,0,,75,,,0,45,20,24,,11,39,20,,,,,0
44060,SPOKANE-SPOKANE VALLEY,2025,TRUE,single_year,2025,TRUE,TRUE,15,85,71,,,49,30,,0,57.6,35.3,7.1,0.0,116000,91000,145000,385000,6.5,85,85,102,,10,17,28,15,14,,10,15,24,0,0,0,65,,,0,0,0,,,0,,65,,12,0,36,18,30,,14,41,13,,,,0,0
44100,SPRINGFIELD,2025,TRUE,three_year_total,"2023,2024,2025",TRUE,TRUE,19,41,34,,,31,10,0,0,75.6,24.4,0.0,0.0,,,,,,40,33,267,0,11,,13,,,,10,,11,0,0,,25,,,0,0,0,0,10,0,,29,0,11,0,19,10,,,,12,,,,,,0
44140,SPRINGFIELD,2025,TRUE,single_year,2025,FALSE,TRUE,7,460,390,54,16,179,261,20,0,38.9,56.7,4.3,0.0,94500,80000,116250,375000,6.499,456,455,216,14,31,38,97,180,96,18,25,27,77,,39,,241,90,14,10,,,10,92,0,215,182,11,52,0,239,136,77,,43,193,118,64,36,,,0
44180,SPRINGFIELD,2025,TRUE,three_year_total,"2023,2024,2025",TRUE,TRUE,15,125,116,,,101,18,,0,80.8,14.4,4.8,0.0,,,,,,123,91,398,,35,13,17,14,,38,35,11,15,0,,37,106,,,0,,0,,12,0,,103,,13,0,60,12,45,,23,33,16,18,13,12,,
44220,SPRINGFIELD,2025,TRUE,three_year_total,"2023,2024,2025",TRUE,TRUE,18,88,83,,,61,20,,0,69.3,22.7,8.0,0.0,,,,,,87,86,161,,36,10,14,13,10,,35,,12,,,,53,18,,,0,,,12,0,,67,,11,0,35,20,27,,,21,18,16,13,10,,0
44300,STATE COLLEGE,2025,TRUE,three_year_total,"2023,2024,2025",TRUE,TRUE,24,49,42,,,40,,,0,81.6,16.3,2.0,0.0,,,,,,49,48,100,,26,,,,,,25,,,,,,44,0,,0,0,0,0,,0,0,45,0,,0,15,,24,,,12,12,12,,,,0
44420,STAUNTON-STUARTS DRAFT,2025,TRUE,three_year_total,"2023,2024,2025",TRUE,TRUE,22,15,11,,0,15,0,0,0,100.0,0.0,0.0,0.0,,,,,,15,12,43,0,,,,0,0,,,,,0,0,,14,0,0,0,0,0,0,,0,,11,0,,0,,,,,0,,,,,,,0
44700,STOCKTON-LODI,2025,TRUE,single_year,2025,TRUE,TRUE,19,57,41,14,,35,19,,0,61.4,33.3,5.3,0.0,124500,100250,153750,465000,6.625,56,56,63,,14,,17,16,,,14,,15,0,0,,32,,,,0,,,13,0,31,16,0,10,0,30,,15,,,23,14,,,,0,0
44940,SUMTER,2025,TRUE,three_year_total,"2023,2024,2025",TRUE,TRUE,26,18,17,0,,11,,,0,61.1,22.2,16.7,0.0,,,,,,18,18,20,0,,,,,,,,,0,0,0,,11,,,0,0,0,0,0,0,,14,0,,0,,,,0,,,,,,,,0
45060,SYRACUSE,2025,TRUE,single_year,2025,TRUE,TRUE,14,141,124,12,,105,30,,0,74.5,21.3,4.3,0.0,77000,60000,102500,195000,6.575,140,129,229,,20,19,41,26,21,14,20,15,41,,14,13,86,30,,0,,,,13,0,13,112,,15,0,86,32,15,,22,51,36,14,,,,
45104,TACOMA-LAKEWOOD,2025,TRUE,single_year,2025,TRUE,TRUE,9,121,101,10,10,61,35,25,0,50.4,28.9,20.7,0.0,151000,119000,210500,585000,6.5,120,121,102,,31,,31,16,32,,30,,23,0,,0,56,16,14,,0,0,,29,0,13,79,,24,0,42,23,44,12,15,44,31,17,10,,0,0
45220,TALLAHASSEE,2025,TRUE,three_year_total,"2023,2024,2025",TRUE,TRUE,20,65,44,,17,27,32,,0,41.5,49.2,9.2,0.0,,,,,,65,62,158,,,,13,17,20,,,,10,0,,,22,29,,0,0,0,,12,0,,48,0,11,0,35,15,,,,23,19,,,,,0
45294,TAMPA,2025,TRUE,single_year,2025,TRUE,TRUE,13,96,85,,,50,30,16,0,52.1,31.2,16.7,0.0,110000,89000,157000,375000,6.5,95,87,117,0,16,10,17,21,22,10,16,,15,0,,,52,19,,,0,0,,17,0,24,58,0,14,0,45,31,15,,,44,24,12,,,,0
45460,TERRE HAUTE,2025,TRUE,three_year_total,"2023,2024,2025",TRUE,TRUE,22,43,40,,,36,,0,0,83.7,16.3,0.0,0.0,,,,,,42,40,80,,,,19,,0,,,,18,0,0,,39,0,0,0,0,0,,,0,0,40,0,,0,10,,27,,,,11,,,,,0
45500,TEXARKANA,2025,TRUE,three_year_total,"2023,2024,2025",TRUE,TRUE,27,33,29,,,23,,,0,69.7,21.2,9.1,0.0,,,,,,32,20,143,0,,,,,,14,,,,0,0,13,26,,,,0,0,0,,0,,26,,,0,10,,15,,,,,,,,0,0
45780,TOLEDO,2025,TRUE,single_year,2025,TRUE,TRUE,24,54,44,,,40,10,,0,74.1,18.5,7.4,0.0,70000,55000,88000,175000,6.75,49,53,184,,10,,18,,10,,10,,18,,,,34,,0,,0,0,,,0,,40,,10,0,32,12,,,11,15,11,,,,,
45820,TOPEKA,2025,TRUE,three_year_total,"2023,2024,2025",TRUE,TRUE,29,33,30,,,29,,,0,87.9,9.1,3.0,0.0,,,,,,31,13,171,,,,,,,20,,,,0,0,20,27,0,0,0,,0,,,0,,23,,,0,,,19,,,,10,,,,,
45900,TRAVERSE CITY,2025,TRUE,three_year_total,"2024,2025",TRUE,TRUE,26,16,15,,0,11,,,0,68.8,25.0,6.2,0.0,,,,,,16,14,17,0,,,,,0,,,,,0,0,,14,0,,0,0,0,0,,0,0,13,,,0,,,,,,,,,,0,,0
45940,TRENTON-PRINCETON,2025,TRUE,single_year,2025,TRUE,TRUE,19,53,38,12,,25,25,,0,47.2,47.2,5.7,0.0,103000,82000,136000,365000,6.375,53,53,78,,,,12,17,,0,,,10,0,,0,22,13,,,0,0,0,16,0,25,20,,,0,30,13,,,,16,17,10,,,,0
46060,TUCSON,2025,TRUE,single_year,2025,TRUE,TRUE,18,77,59,,10,38,25,14,0,49.4,32.5,18.2,0.0,91500,61500,115250,355000,6.5,76,77,79,,,11,23,16,18,,,,20,0,,,54,,,0,0,0,0,18,0,33,28,,13,0,41,20,,,10,34,16,,,,,
46140,TULSA,2025,TRUE,single_year,2025,TRUE,TRUE,23,64,59,,,48,13,,0,75.0,20.3,4.7,0.0,105000,78000,168250,295000,6.625,64,46,185,0,17,,,,,23,17,,,0,,20,44,,,,0,,,,0,,46,,10,0,26,13,22,,,18,11,11,,,,0
46220,TUSCALOOSA,2025,TRUE,three_year_total,"2023,2024,2025",TRUE,TRUE,20,17,13,,,13,,,0,76.5,11.8,11.8,0.0,,,,,,17,15,78,0,11,,0,,0,,11,0,0,0,0,,10,,0,0,0,0,0,,0,0,16,0,,0,,,,0,0,,,,,,,0
46300,TWIN FALLS,2025,TRUE,three_year_total,"2023,2024,2025",TRUE,TRUE,26,25,17,,,16,,,0,64.0,28.0,8.0,0.0,,,,,,25,25,39,,10,,,,,,10,,,0,0,,21,0,,0,0,0,0,,0,,17,0,,0,11,,,,,,,,,0,,0
46340,TYLER,2025,TRUE,three_year_total,"2023,2024,2025",TRUE,TRUE,21,66,63,0,,48,14,,0,72.7,21.2,6.1,0.0,,,,,,66,50,149,0,18,,,11,,21,17,,,0,,20,46,,,,0,0,,,0,,43,,12,0,19,13,26,,,16,18,,,,,0
46520,URBAN HONOLULU,2025,TRUE,single_year,2025,TRUE,TRUE,20,60,38,14,,41,,18,0,68.3,1.7,30.0,0.0,218000,177000,279500,1075000,6.25,60,56,37,,32,,,,,,31,,,0,0,,16,0,20,,,,,15,0,,40,,17,0,20,15,22,,0,11,21,16,,,0,0
46540,UTICA-ROME,2025,TRUE,single_year,2025,TRUE,TRUE,10,146,126,19,,98,46,,0,67.1,31.5,1.4,0.0,62000,50000,84000,165000,6.375,146,143,90,,21,24,38,44,16,,21,20,36,,13,,90,13,25,0,0,0,0,18,0,27,106,0,12,,74,42,21,,15,55,33,25,15,,,0
46660,VALDOSTA,2025,TRUE,three_year_total,"2023,2024,2025",TRUE,TRUE,19,29,29,0,0,26,,,0,89.7,3.4,6.9,0.0,,,,,,28,,136,0,0,0,,,,24,0,0,,0,0,24,22,,,0,0,0,0,,0,,27,0,,0,10,,15,0,,,,,,,0,0
46700,VALLEJO,2025,TRUE,three_year_total,"2023,2024,2025",TRUE,TRUE,15,81,53,14,14,51,24,,0,63.0,29.6,7.4,0.0,,,,,,80,79,100,,23,10,17,22,,,23,10,16,0,0,,29,14,,,0,,,27,0,24,36,,18,0,31,16,30,,,22,27,14,,,,0
47020,VICTORIA,2025,TRUE,three_year_total,"2023,2024,2025",TRUE,TRUE,29,,,,,,,,0,77.8,11.1,11.1,0.0,,,,,,,,43,0,,0,,,,,,0,,0,,,,0,,0,0,0,0,0,0,,,,0,0,,,,0,0,,,0,0,,0,0
47220,VINELAND,2025,TRUE,three_year_total,"2023,2024,2025",TRUE,TRUE,18,72,63,,,21,48,,0,29.2,66.7,4.2,0.0,,,,,,72,72,146,0,,,,15,12,28,,,,0,,,43,18,0,,0,0,,,0,38,33,0,,0,42,19,10,,10,21,19,12,,,0,0
47260,VIRGINIA BEACH-CHESAPEAKE-NORFOLK,2025,TRUE,single_year,2025,TRUE,TRUE,15,141,118,10,13,37,33,71,0,26.2,23.4,50.4,0.0,96000,82000,127000,335000,6.49,141,141,120,,,,32,26,50,19,,,23,0,,,55,41,,,,0,,35,0,15,93,,31,0,79,36,16,10,23,48,41,14,,,,0
47300,VISALIA,2025,TRUE,three_year_total,"2023,2024,2025",TRUE,TRUE,17,59,37,10,12,31,26,,0,52.5,44.1,3.4,0.0,,,,,,59,59,89,,14,,13,15,10,0,14,,,0,,0,42,0,,,0,0,0,13,0,40,,,,0,32,,20,,,27,11,,,,0,0
47380,WACO,2025,TRUE,three_year_total,"2023,2024,2025",TRUE,TRUE,20,87,79,,,64,15,,0,73.6,17.2,9.2,0.0,,,,,,83,39,189,,,,,11,10,52,,,,0,0,51,68,,0,,0,,,,0,15,56,,10,0,23,15,45,,,22,15,12,10,12,,
47460,WALLA WALLA,2025,TRUE,three_year_total,"2023,2024,2025",TRUE,TRUE,30,14,13,0,,,,,0,42.9,42.9,14.3,0.0,,,,,,14,14,19,0,,,,,,,,,,0,0,0,,,0,0,0,0,0,,0,,,0,,0,,,,,,,,,,,,0
47580,WARNER ROBINS,2025,TRUE,three_year_total,"2023,2024,2025",TRUE,TRUE,23,23,17,,,,11,,0,21.7,47.8,30.4,0.0,,,,,,23,20,85,0,0,0,,10,,,0,0,,0,0,,,12,0,0,0,0,0,,0,,14,0,,0,,11,,,,,,,,,,0
47664,WARREN-TROY-FARMINGTON HILLS,2025,TRUE,single_year,2025,TRUE,TRUE,21,70,60,,,56,13,,0,80.0,18.6,1.4,0.0,83500,63250,123000,245000,6.662,70,70,105,,16,,37,11,,0,16,,36,0,,0,52,,,0,0,0,,,0,,56,,,0,42,,14,,17,28,,,,,0,0
47764,WASHINGTON,2025,TRUE,single_year,2025,FALSE,TRUE,11,148,82,11,55,101,24,23,0,68.2,16.2,15.5,0.0,210500,150000,300250,805000,6.25,148,146,61,18,38,22,34,18,29,,36,18,30,,13,,50,55,,,0,0,,31,0,,112,,28,0,65,33,39,11,,61,62,14,,,0,0
47930,WATERBURY-SHELTON,2025,TRUE,single_year,2025,TRUE,TRUE,15,289,209,70,10,172,108,,0,59.5,37.4,3.1,0.0,104000,86750,126250,385000,6.619,288,287,218,,29,58,79,59,55,,26,49,64,,26,,149,70,,,,,,55,,118,123,,44,,163,70,44,12,20,110,77,52,22,,,0
47940,WATERLOO-CEDAR FALLS,2025,TRUE,three_year_total,"2023,2024,2025",TRUE,TRUE,28,27,24,0,,24,,0,0,88.9,11.1,0.0,0.0,,,,,,27,20,207,0,,,,,,,,,,0,,,20,,,0,0,0,,,0,,24,,,0,15,,,,,13,,,,,0,0
48060,WATERTOWN-FORT DRUM,2025,TRUE,three_year_total,"2023,2024,2025",TRUE,TRUE,13,160,121,18,21,55,29,76,0,34.4,18.1,47.5,0.0,,,,,,160,149,89,,14,,21,27,73,18,13,,15,,,11,100,15,,,0,0,,33,0,,120,,29,0,101,28,27,,32,72,28,13,,,0,0
48140,WAUSAU,2025,TRUE,three_year_total,"2023,2024,2025",TRUE,TRUE,18,86,81,,,73,12,,0,84.9,14.0,1.2,0.0,,,,,,85,80,159,,16,10,17,12,,25,16,10,17,,,24,65,0,13,,0,0,,,0,,73,,,0,38,11,34,,20,35,19,,,,,0
48260,WEIRTON-STEUBENVILLE,2025,TRUE,three_year_total,"2023,2024,2025",TRUE,TRUE,26,15,13,,0,,,,0,46.7,46.7,6.7,0.0,,,,,,15,14,63,0,,,,,0,,,,,0,0,,13,,0,0,0,0,0,,0,0,14,0,,0,,0,,,,,,,,,,0
48300,WENATCHEE-EAST WENATCHEE,2025,TRUE,three_year_total,"2023,2024,2025",TRUE,TRUE,21,61,51,,,45,14,,0,73.8,23.0,3.3,0.0,,,,,,58,58,41,,23,,18,,,,23,,13,0,,,41,0,0,,0,0,,16,0,25,24,,11,0,22,11,22,,,23,,,,,0,
48424,WEST PALM BEACH-BOCA RATON-DELRAY BEACH,2025,TRUE,single_year,2025,TRUE,TRUE,20,57,47,,,34,20,,0,59.6,35.1,5.3,0.0,153000,124250,186750,525000,6.688,56,56,111,,,11,18,13,,,,,17,0,0,,32,11,,0,0,,0,12,0,24,24,,,0,33,,10,,,24,21,,,,0,0
48540,WHEELING,2025,TRUE,three_year_total,"2023,2024,2025",TRUE,TRUE,21,44,34,,,33,,,0,75.0,15.9,9.1,0.0,,,,,,42,26,90,,,,,,,20,,,,0,0,18,41,0,0,0,0,0,,,0,,42,0,0,0,24,11,,0,,17,,,,0,0,0
48620,WICHITA,2025,TRUE,single_year,2025,TRUE,TRUE,14,100,96,,,58,26,16,0,58.0,26.0,16.0,0.0,110500,81000,163000,300000,6.49,98,91,285,,23,,22,17,12,17,22,,17,0,,10,66,10,10,,,0,,10,0,,82,0,10,0,47,18,31,,19,31,21,14,,,,0
48660,WICHITA FALLS,2025,TRUE,three_year_total,"2023,2024,2025",TRUE,TRUE,26,,,0,0,,,0,0,71.4,28.6,0.0,0.0,,,,,,,,78,0,0,,,,0,,0,,,0,0,,,0,0,0,0,0,0,,0,0,,0,,0,,,,,,,,,,0,0,0
48680,WILDWOOD-THE VILLAGES,2025,TRUE,three_year_total,"2024,2025",TRUE,TRUE,20,,,,0,,0,0,0,100.0,0.0,0.0,0.0,,,,,,,,,0,,0,0,0,0,,,0,0,0,0,,,0,0,0,0,,0,0,0,0,,0,0,0,,0,,0,0,,0,,,,0,0
48700,WILLIAMSPORT,2025,TRUE,three_year_total,"2023,2024,2025",TRUE,TRUE,18,95,87,,,56,30,,0,58.9,31.6,9.5,0.0,,,,,,94,92,222,,25,19,,19,20,,23,17,,0,,,84,,,0,0,0,,,0,,88,0,,0,52,19,23,,16,28,24,10,10,,,0
48864,WILMINGTON,2025,TRUE,three_year_total,"2023,2024,2025",TRUE,TRUE,14,128,102,18,,53,66,,0,41.4,51.6,7.0,0.0,,,,,,128,126,263,,19,15,27,31,27,,18,11,19,,,,52,49,,0,,0,,18,0,15,95,,14,0,65,42,16,,19,44,30,26,,,0,0
48900,WILMINGTON,2025,TRUE,three_year_total,"2023,2024,2025",TRUE,TRUE,25,37,33,,,29,,,0,78.4,5.4,16.2,0.0,,,,,,37,36,97,,15,,,,,,15,,,0,0,,31,,0,0,0,0,,,0,0,30,,,0,11,,15,,0,17,,,,,,0
49020,WINCHESTER,2025,TRUE,three_year_total,"2023,2024,2025",TRUE,TRUE,22,22,21,,0,20,,0,0,90.9,9.1,0.0,0.0,,,,,,22,11,46,0,,,,,0,15,,,,0,0,15,21,0,0,0,0,0,0,,0,,18,,,0,,,10,0,,,,,,,,0
49180,WINSTON-SALEM,2025,TRUE,three_year_total,"2023,2024,2025",TRUE,TRUE,26,43,38,,,33,,,0,76.7,20.9,2.3,0.0,,,,,,43,43,81,0,,,11,,,15,,,,0,,14,29,,,,0,0,,,0,,26,,,0,16,14,12,,,12,,,,,0,0
49340,WORCESTER,2025,TRUE,single_year,2025,FALSE,TRUE,7,601,406,159,36,325,257,19,0,54.1,42.8,3.2,0.0,125000,103000,156000,515000,6.575,600,586,397,49,69,53,225,181,49,24,67,42,180,,18,16,301,99,29,,,,11,149,0,217,284,,90,,288,138,155,20,55,261,158,75,46,,0,0
49420,YAKIMA,2025,TRUE,three_year_total,"2023,2024,2025",TRUE,TRUE,20,84,76,,,42,39,,0,50.0,46.4,3.6,0.0,,,,,,84,83,98,,20,10,11,24,18,,20,,10,0,,,62,,,,0,,,13,0,54,23,,,0,44,17,21,,21,42,,,,,0,0
49620,YORK-HANOVER,2025,TRUE,three_year_total,"2023,2024,2025",TRUE,TRUE,11,130,109,15,,79,45,,0,60.8,34.6,4.6,0.0,,,,,,128,130,345,,20,14,46,30,18,,20,12,44,0,,0,75,18,0,0,,0,,28,0,35,76,,17,0,80,22,19,,27,42,36,18,,,0,0
49660,YOUNGSTOWN-WARREN,2025,TRUE,single_year,2025,TRUE,TRUE,23,59,45,,,37,18,,0,62.7,30.5,6.8,0.0,75000,52000,121000,175000,6.625,59,38,61,,,,12,11,,21,,,11,0,0,21,48,,,,0,0,0,,0,,49,,,0,42,,,,27,17,,,,,0,0
49700,YUBA CITY,2025,TRUE,three_year_total,"2023,2024,2025",TRUE,TRUE,27,32,23,,,20,11,,0,62.5,34.4,3.1,0.0,,,,,,32,32,42,,,,,,,,,,,0,0,,16,,,0,,0,,,0,,21,0,,0,20,,,,,13,12,,,0,0,0
49740,YUMA,2025,TRUE,three_year_total,"2023,2024,2025",TRUE,TRUE,25,20,16,,,11,,,0,55.0,35.0,10.0,0.0,,,,,,19,20,31,0,,,,,,0,,0,,0,0,0,14,0,,0,0,0,0,,0,11,,0,,0,,,,,,,,,,0,0,
99999,N/A OR OUTSIDE MSA/MD,2025,FALSE,single_year,2025,TRUE,TRUE,4,4236,3661,378,197,3157,805,273,,74.5,19.0,6.4,0.0,94000,65000,143000,255000,6.75,4170,3493,7116,146,1274,382,585,571,346,1078,1242,335,510,13,66,991,3402,144,61,54,,,76,489,0,352,3303,70,509,,1593,740,1666,237,498,1153,939,664,517,314,125,26
