metro,state,cbsa,cbsa_name,acs_vintage,total_units,units_2,units_3_4,units_2_4,share_2_4_pct,owner_occ_total,owner_occ_2,owner_occ_3_4,owner_occ_2_4,owner_occ_share_pct,occupied_2_4,owner_occupancy_rate_2_4_pct,rank_by_share,rank_by_count,source_url,city_name,city_place_fips,city_total_units,city_units_2,city_units_3_4,city_units_2_4,city_share_2_4_pct
Providence,RI,39300,"Providence-Warwick, RI-MA Metro Area",ACS 5-year 2020-2024 (ACSDT5Y2024),730957,74413,94588,169001,23.1,426651,27430,16445,43875,10.3,152695,28.7,1,8,https://data.census.gov/api/access/data/table?id=ACSDT5Y2024.B25024&g=310XX00US39300,"Providence city, Rhode Island",4459000,79423,15413,20142,35555,44.8
Buffalo,NY,15380,"Buffalo-Cheektowaga, NY Metro Area",ACS 5-year 2020-2024 (ACSDT5Y2024),541660,83879,31653,115532,21.3,335035,22773,3887,26660,8.0,99046,26.9,2,11,https://data.census.gov/api/access/data/table?id=ACSDT5Y2024.B25024&g=310XX00US15380,"Buffalo city, New York",3611000,136850,47870,11407,59277,43.3
Boston,MA,14460,"Boston-Cambridge-Newton, MA-NH Metro Area",ACS 5-year 2020-2024 (ACSDT5Y2024),2059059,199023,214828,413851,20.1,1194568,80159,49857,130016,10.9,382820,34.0,3,3,https://data.census.gov/api/access/data/table?id=ACSDT5Y2024.B25024&g=310XX00US14460,"Boston city, Massachusetts",2507000,310625,36175,73073,109248,35.2
Worcester,MA,49340,"Worcester, MA Metro Area",ACS 5-year 2020-2024 (ACSDT5Y2024),355185,26834,42694,69528,19.6,220916,9836,5832,15668,7.1,63307,24.7,4,30,https://data.census.gov/api/access/data/table?id=ACSDT5Y2024.B25024&g=310XX00US49340,"Worcester city, Massachusetts",2582000,85876,7433,21346,28779,33.5
Albany,NY,10580,"Albany-Schenectady-Troy, NY Metro Area",ACS 5-year 2020-2024 (ACSDT5Y2024),422120,48234,33524,81758,19.4,245753,11349,2464,13813,5.6,70139,19.7,5,24,https://data.census.gov/api/access/data/table?id=ACSDT5Y2024.B25024&g=310XX00US10580,"Albany city, New York",3601000,50408,12628,7609,20237,40.1
New York,NY,35620,"New York-Newark-Jersey City, NY-NJ Metro Area",ACS 5-year 2020-2024 (ACSDT5Y2024),8038666,809468,590536,1400004,17.4,3815217,306726,110109,416835,10.9,1269156,32.8,6,1,https://data.census.gov/api/access/data/table?id=ACSDT5Y2024.B25024&g=310XX00US35620,"New York city, New York",3651000,3678486,444246,340015,784261,21.3
Milwaukee,WI,33340,"Milwaukee-Waukesha, WI Metro Area",ACS 5-year 2020-2024 (ACSDT5Y2024),701558,77428,34491,111919,16.0,396385,18278,3703,21981,5.5,97916,22.4,7,12,https://data.census.gov/api/access/data/table?id=ACSDT5Y2024.B25024&g=310XX00US33340,"Milwaukee city, Wisconsin",5553000,259101,55628,19321,74949,28.9
Bridgeport,CT,14860,"Bridgeport-Stamford-Danbury, CT Metro Area",ACS 5-year 2020-2024 (ACSDT5Y2024),377569,29322,27109,56431,14.9,234406,9344,5176,14520,6.2,52439,27.7,8,38,https://data.census.gov/api/access/data/table?id=ACSDT5Y2024.B25024&g=310XX00US14860,,0908000,,,,,
New Orleans,LA,35380,"New Orleans-Metairie, LA Metro Area",ACS 5-year 2020-2024 (ACSDT5Y2024),465148,37911,30384,68295,14.7,241581,6042,2595,8637,3.6,51048,16.9,9,32,https://data.census.gov/api/access/data/table?id=ACSDT5Y2024.B25024&g=310XX00US35380,"New Orleans city, Louisiana",2255000,195552,28986,15590,44576,22.8
Hartford,CT,25540,"Hartford-West Hartford-East Hartford, CT Metro Area",ACS 5-year 2020-2024 (ACSDT5Y2024),499522,31274,41930,73204,14.7,313190,9470,6520,15990,5.1,65776,24.3,10,27,https://data.census.gov/api/access/data/table?id=ACSDT5Y2024.B25024&g=310XX00US25540,"Hartford city, Connecticut",0937000,56435,6776,12724,19500,34.6
Scranton,PA,42540,"Scranton--Wilkes-Barre, PA Metro Area",ACS 5-year 2020-2024 (ACSDT5Y2024),264360,19821,16035,35856,13.6,157811,3411,1079,4490,2.8,29483,15.2,11,49,https://data.census.gov/api/access/data/table?id=ACSDT5Y2024.B25024&g=310XX00US42540,"Scranton city, Pennsylvania",4269000,35512,5450,3483,8933,25.2
Chicago,IL,16980,"Chicago-Naperville-Elgin, IL-IN Metro Area",ACS 5-year 2020-2024 (ACSDT5Y2024),3900420,235466,292951,528417,13.5,2388392,85617,69229,154846,6.5,466496,33.2,12,2,https://data.census.gov/api/access/data/table?id=ACSDT5Y2024.B25024&g=310XX00US16980,"Chicago city, Illinois",1714000,1277054,166670,183307,349977,27.4
Rochester,NY,40380,"Rochester, NY Metro Area",ACS 5-year 2020-2024 (ACSDT5Y2024),481033,29152,28804,57956,12.0,300181,4828,1933,6761,2.3,50072,13.5,13,34,https://data.census.gov/api/access/data/table?id=ACSDT5Y2024.B25024&g=310XX00US40380,"Rochester city, New York",3663000,104479,17161,10023,27184,26.0
Portland ME,ME,38860,"Portland-South Portland, ME Metro Area",ACS 5-year 2020-2024 (ACSDT5Y2024),287616,16673,17580,34253,11.9,175751,4395,2948,7343,4.2,29102,25.2,14,52,https://data.census.gov/api/access/data/table?id=ACSDT5Y2024.B25024&g=310XX00US38860,"Portland city, Maine",2360545,36559,3507,6190,9697,26.5
Syracuse,NY,45060,"Syracuse, NY Metro Area",ACS 5-year 2020-2024 (ACSDT5Y2024),297576,20566,14273,34839,11.7,185614,4317,929,5246,2.8,29460,17.8,15,50,https://data.census.gov/api/access/data/table?id=ACSDT5Y2024.B25024&g=310XX00US45060,"Syracuse city, New York",3673000,67601,11813,6243,18056,26.7
San Francisco,CA,41860,"San Francisco-Oakland-Fremont, CA Metro Area",ACS 5-year 2020-2024 (ACSDT5Y2024),1880374,76207,122491,198698,10.6,967608,23114,21366,44480,4.6,177389,25.1,16,6,https://data.census.gov/api/access/data/table?id=ACSDT5Y2024.B25024&g=310XX00US41860,"San Francisco city, California",0667000,414602,37696,45784,83480,20.1
McAllen,TX,32580,"McAllen-Edinburg-Mission, TX Metro Area",ACS 5-year 2020-2024 (ACSDT5Y2024),308556,14256,17570,31826,10.3,182271,297,832,1129,0.6,27818,4.1,17,57,https://data.census.gov/api/access/data/table?id=ACSDT5Y2024.B25024&g=310XX00US32580,"McAllen city, Texas",4845384,55385,2754,3848,6602,11.9
Columbus,OH,18140,"Columbus, OH Metro Area",ACS 5-year 2020-2024 (ACSDT5Y2024),926466,24716,58106,82822,8.9,530433,1931,4826,6757,1.3,74826,9.0,18,22,https://data.census.gov/api/access/data/table?id=ACSDT5Y2024.B25024&g=310XX00US18140,"Columbus city, Ohio",3918000,425182,15221,38372,53593,12.6
St. Louis,MO,41180,"St. Louis, MO-IL Metro Area",ACS 5-year 2020-2024 (ACSDT5Y2024),1273302,43032,68132,111164,8.7,816909,7350,5680,13030,1.6,92106,14.1,19,13,https://data.census.gov/api/access/data/table?id=ACSDT5Y2024.B25024&g=310XX00US41180,"St. Louis city, Missouri",2965000,174111,22401,23436,45837,26.3
Fresno,CA,23420,"Fresno, CA Metro Area",ACS 5-year 2020-2024 (ACSDT5Y2024),395909,9803,24219,34022,8.6,210984,496,865,1361,0.6,31160,4.4,20,53,https://data.census.gov/api/access/data/table?id=ACSDT5Y2024.B25024&g=310XX00US23420,"Fresno city, California",0627000,189098,5504,15329,20833,11.0
Los Angeles,CA,31080,"Los Angeles-Long Beach-Anaheim, CA Metro Area",ACS 5-year 2020-2024 (ACSDT5Y2024),4796635,116870,293760,410630,8.6,2178642,16562,31159,47721,2.2,377745,12.6,21,4,https://data.census.gov/api/access/data/table?id=ACSDT5Y2024.B25024&g=310XX00US31080,"Los Angeles city, California",0644000,1554332,45731,94805,140536,9.0
Philadelphia,PA,37980,"Philadelphia-Camden-Wilmington, PA-NJ-DE-MD Metro Area",ACS 5-year 2020-2024 (ACSDT5Y2024),2624257,110325,111892,222217,8.5,1649035,16523,9486,26009,1.6,199724,13.0,22,5,https://data.census.gov/api/access/data/table?id=ACSDT5Y2024.B25024&g=310XX00US37980,"Philadelphia city, Pennsylvania",4260000,748270,59135,48323,107458,14.4
Cincinnati,OH,17140,"Cincinnati, OH-KY-IN Metro Area",ACS 5-year 2020-2024 (ACSDT5Y2024),967188,32686,47042,79728,8.2,619384,5357,5837,11194,1.8,70063,16.0,23,26,https://data.census.gov/api/access/data/table?id=ACSDT5Y2024.B25024&g=310XX00US17140,"Cincinnati city, Ohio",3915000,160409,13089,19379,32468,20.2
Allentown,PA,10900,"Allentown-Bethlehem-Easton, PA-NJ Metro Area",ACS 5-year 2020-2024 (ACSDT5Y2024),361874,14786,14864,29650,8.2,236772,2014,832,2846,1.2,26919,10.6,24,59,https://data.census.gov/api/access/data/table?id=ACSDT5Y2024.B25024&g=310XX00US10900,"Allentown city, Pennsylvania",4202000,49502,3187,4223,7410,15.0
Bakersfield,CA,12540,"Bakersfield-Delano, CA Metro Area",ACS 5-year 2020-2024 (ACSDT5Y2024),306999,6682,18045,24727,8.1,171133,381,581,962,0.6,22986,4.2,25,62,https://data.census.gov/api/access/data/table?id=ACSDT5Y2024.B25024&g=310XX00US12540,"Bakersfield city, California",0603526,135724,2267,9159,11426,8.4
Dayton,OH,19430,"Dayton-Kettering-Beavercreek, OH Metro Area",ACS 5-year 2020-2024 (ACSDT5Y2024),372460,8975,20991,29966,8.0,223806,642,1177,1819,0.8,26598,6.8,26,58,https://data.census.gov/api/access/data/table?id=ACSDT5Y2024.B25024&g=310XX00US19430,"Dayton city, Ohio",3921000,70335,2328,4176,6504,9.2
Cleveland,OH,17410,"Cleveland, OH Metro Area",ACS 5-year 2020-2024 (ACSDT5Y2024),1018605,52241,27715,79956,7.8,619763,9891,3517,13408,2.2,64679,20.7,27,25,https://data.census.gov/api/access/data/table?id=ACSDT5Y2024.B25024&g=310XX00US17410,"Cleveland city, Ohio",3916000,201141,29115,10756,39871,19.8
Louisville,KY,31140,"Louisville/Jefferson County, KY-IN Metro Area",ACS 5-year 2020-2024 (ACSDT5Y2024),602727,12262,33529,45791,7.6,384757,1173,2831,4004,1.0,40176,10.0,28,45,https://data.census.gov/api/access/data/table?id=ACSDT5Y2024.B25024&g=310XX00US31140,"Louisville/Jefferson County metro government (balance), Kentucky",2148006,289095,7647,21663,29310,10.1
Toledo,OH,45780,"Toledo, OH Metro Area",ACS 5-year 2020-2024 (ACSDT5Y2024),276386,10605,10284,20889,7.6,162104,1529,907,2436,1.5,17361,14.0,29,71,https://data.census.gov/api/access/data/table?id=ACSDT5Y2024.B25024&g=310XX00US45780,"Toledo city, Ohio",3977000,132728,7011,5846,12857,9.7
Las Vegas,NV,29820,"Las Vegas-Henderson-North Las Vegas, NV Metro Area",ACS 5-year 2020-2024 (ACSDT5Y2024),948995,10199,60633,70832,7.5,498384,1199,8396,9595,1.9,64812,14.8,30,29,https://data.census.gov/api/access/data/table?id=ACSDT5Y2024.B25024&g=310XX00US29820,"Las Vegas city, Nevada",3240000,267654,2996,18714,21710,8.1
Pittsburgh,PA,38300,"Pittsburgh, PA Metro Area",ACS 5-year 2020-2024 (ACSDT5Y2024),1174149,44972,41693,86665,7.4,750384,5580,2564,8144,1.1,69797,11.7,31,21,https://data.census.gov/api/access/data/table?id=ACSDT5Y2024.B25024&g=310XX00US38300,"Pittsburgh city, Pennsylvania",4261000,161908,12655,10891,23546,14.5
Cape Coral-Fort Myers,FL,15980,"Cape Coral-Fort Myers, FL Metro Area",ACS 5-year 2020-2024 (ACSDT5Y2024),441194,13245,19036,32281,7.3,243654,2249,7444,9693,4.0,23161,41.9,32,56,https://data.census.gov/api/access/data/table?id=ACSDT5Y2024.B25024&g=310XX00US15980,"Cape Coral city, Florida",1210275,100679,3446,1890,5336,5.3
Harrisburg,PA,25420,"Harrisburg-Carlisle, PA Metro Area",ACS 5-year 2020-2024 (ACSDT5Y2024),259155,7760,11149,18909,7.3,167452,921,603,1524,0.9,17456,8.7,33,76,https://data.census.gov/api/access/data/table?id=ACSDT5Y2024.B25024&g=310XX00US25420,"Harrisburg city, Pennsylvania",4232800,24130,1431,2049,3480,14.4
Akron,OH,10420,"Akron, OH Metro Area",ACS 5-year 2020-2024 (ACSDT5Y2024),319249,12075,11209,23284,7.3,201905,1464,1152,2616,1.3,19900,13.1,34,66,https://data.census.gov/api/access/data/table?id=ACSDT5Y2024.B25024&g=310XX00US10420,"Akron city, Ohio",3901000,93741,6008,3767,9775,10.4
El Paso,TX,21340,"El Paso, TX Metro Area",ACS 5-year 2020-2024 (ACSDT5Y2024),324704,7660,15320,22980,7.1,193076,604,732,1336,0.7,20644,6.5,35,67,https://data.census.gov/api/access/data/table?id=ACSDT5Y2024.B25024&g=310XX00US21340,"El Paso city, Texas",4824000,265320,6591,13569,20160,7.6
Wichita,KS,48620,"Wichita, KS Metro Area",ACS 5-year 2020-2024 (ACSDT5Y2024),280193,8325,11210,19535,7.0,166350,400,411,811,0.5,15523,5.2,36,74,https://data.census.gov/api/access/data/table?id=ACSDT5Y2024.B25024&g=310XX00US48620,"Wichita city, Kansas",2079000,176411,6415,8597,15012,8.5
San Diego,CA,41740,"San Diego-Chula Vista-Carlsbad, CA Metro Area",ACS 5-year 2020-2024 (ACSDT5Y2024),1250641,24281,62670,86951,7.0,639138,2828,11305,14133,2.2,80288,17.6,37,20,https://data.census.gov/api/access/data/table?id=ACSDT5Y2024.B25024&g=310XX00US41740,"San Diego city, California",0666000,568668,12254,32763,45017,7.9
Virginia Beach-Norfolk,VA,47260,"Virginia Beach-Chesapeake-Norfolk, VA-NC Metro Area",ACS 5-year 2020-2024 (ACSDT5Y2024),763678,16235,36068,52303,6.8,448695,2193,2888,5081,1.1,46520,10.9,38,40,https://data.census.gov/api/access/data/table?id=ACSDT5Y2024.B25024&g=310XX00US47260,"Virginia Beach city, Virginia",5182000,191294,2590,8931,11521,6.0
San Jose,CA,41940,"San Jose-Sunnyvale-Santa Clara, CA Metro Area",ACS 5-year 2020-2024 (ACSDT5Y2024),720159,9408,39795,49203,6.8,377117,1470,5353,6823,1.8,45704,14.9,39,44,https://data.census.gov/api/access/data/table?id=ACSDT5Y2024.B25024&g=310XX00US41940,"San Jose city, California",0668000,345066,4409,18458,22867,6.6
Miami,FL,33100,"Miami-Fort Lauderdale-West Palm Beach, FL Metro Area",ACS 5-year 2020-2024 (ACSDT5Y2024),2680465,60975,120811,181786,6.8,1413047,13309,32563,45872,3.2,158956,28.9,40,7,https://data.census.gov/api/access/data/table?id=ACSDT5Y2024.B25024&g=310XX00US33100,"Miami city, Florida",1245000,223826,7555,8574,16129,7.2
Portland,OR,38900,"Portland-Vancouver-Hillsboro, OR-WA Metro Area",ACS 5-year 2020-2024 (ACSDT5Y2024),1062495,24901,46662,71563,6.7,622968,3381,4556,7937,1.3,67011,11.8,41,28,https://data.census.gov/api/access/data/table?id=ACSDT5Y2024.B25024&g=310XX00US38900,"Portland city, Oregon",4159000,307719,9986,14975,24961,8.1
Youngstown,OH,49660,"Youngstown-Warren, OH Metro Area",ACS 5-year 2020-2024 (ACSDT5Y2024),202454,6250,7352,13602,6.7,130607,1138,911,2049,1.6,11557,17.7,42,80,https://data.census.gov/api/access/data/table?id=ACSDT5Y2024.B25024&g=310XX00US49660,"Youngstown city, Ohio",3988000,29397,849,985,1834,6.2
Sacramento,CA,40900,"Sacramento-Roseville-Folsom, CA Metro Area",ACS 5-year 2020-2024 (ACSDT5Y2024),954751,17130,45376,62506,6.5,555650,1466,3373,4839,0.9,55597,8.7,43,33,https://data.census.gov/api/access/data/table?id=ACSDT5Y2024.B25024&g=310XX00US40900,"Sacramento city, California",0664000,212485,6096,11882,17978,8.5
Indianapolis,IN,26900,"Indianapolis-Carmel-Greenwood, IN Metro Area",ACS 5-year 2020-2024 (ACSDT5Y2024),909926,16251,40905,57156,6.3,563165,1403,3141,4544,0.8,50586,9.0,44,37,https://data.census.gov/api/access/data/table?id=ACSDT5Y2024.B25024&g=310XX00US26900,"Indianapolis city (balance), Indiana",1836003,401428,8496,27037,35533,8.9
Grand Rapids,MI,24340,"Grand Rapids-Wyoming-Kentwood, MI Metro Area",ACS 5-year 2020-2024 (ACSDT5Y2024),467528,14634,14213,28847,6.2,328536,2602,1679,4281,1.3,26336,16.3,45,60,https://data.census.gov/api/access/data/table?id=ACSDT5Y2024.B25024&g=310XX00US24340,"Grand Rapids city, Michigan",2634000,84894,8331,5359,13690,16.1
Baton Rouge,LA,12940,"Baton Rouge, LA Metro Area",ACS 5-year 2020-2024 (ACSDT5Y2024),384016,7322,16050,23372,6.1,229860,121,932,1053,0.5,18492,5.7,46,65,https://data.census.gov/api/access/data/table?id=ACSDT5Y2024.B25024&g=310XX00US12940,"Baton Rouge city, Louisiana",2205000,106712,3657,7626,11283,10.6
Jacksonville,FL,27260,"Jacksonville, FL Metro Area",ACS 5-year 2020-2024 (ACSDT5Y2024),732419,12204,32166,44370,6.1,440778,1438,4375,5813,1.3,37645,15.4,47,46,https://data.census.gov/api/access/data/table?id=ACSDT5Y2024.B25024&g=310XX00US27260,"Jacksonville city, Florida",1235000,430825,7972,22765,30737,7.1
Kansas City,MO,28140,"Kansas City, MO-KS Metro Area",ACS 5-year 2020-2024 (ACSDT5Y2024),960950,20482,37039,57521,6.0,589480,2182,1925,4107,0.7,52098,7.9,48,36,https://data.census.gov/api/access/data/table?id=ACSDT5Y2024.B25024&g=310XX00US28140,"Kansas City city, Missouri",2938000,245346,7404,10201,17605,7.2
Oxnard,CA,37100,"Oxnard-Thousand Oaks-Ventura, CA Metro Area",ACS 5-year 2020-2024 (ACSDT5Y2024),295878,4230,13380,17610,6.0,181039,496,2306,2802,1.5,16309,17.2,49,79,https://data.census.gov/api/access/data/table?id=ACSDT5Y2024.B25024&g=310XX00US37100,"Oxnard city, California",0654652,56455,605,3407,4012,7.1
Salt Lake City,UT,41620,"Salt Lake City-Murray, UT Metro Area",ACS 5-year 2020-2024 (ACSDT5Y2024),474627,10999,17225,28224,5.9,301437,1454,2609,4063,1.3,25842,15.7,50,61,https://data.census.gov/api/access/data/table?id=ACSDT5Y2024.B25024&g=310XX00US41620,"Salt Lake City city, Utah",4967000,101188,4861,6122,10983,10.9
Memphis,TN,32820,"Memphis, TN-MS-AR Metro Area",ACS 5-year 2020-2024 (ACSDT5Y2024),580185,9431,24922,34353,5.9,316353,724,808,1532,0.5,29152,5.3,51,51,https://data.census.gov/api/access/data/table?id=ACSDT5Y2024.B25024&g=310XX00US32820,"Memphis city, Tennessee",4748000,289887,6613,18545,25158,8.7
Richmond,VA,40060,"Richmond, VA Metro Area",ACS 5-year 2020-2024 (ACSDT5Y2024),569714,10867,21834,32701,5.7,357348,1052,1140,2192,0.6,28840,7.6,52,54,https://data.census.gov/api/access/data/table?id=ACSDT5Y2024.B25024&g=310XX00US40060,"Richmond city, Virginia",5167000,114293,5783,7883,13666,12.0
Albuquerque,NM,10740,"Albuquerque, NM Metro Area",ACS 5-year 2020-2024 (ACSDT5Y2024),401720,4551,18383,22934,5.7,259675,451,1112,1563,0.6,20768,7.5,53,68,https://data.census.gov/api/access/data/table?id=ACSDT5Y2024.B25024&g=310XX00US10740,"Albuquerque city, New Mexico",3502000,258178,3308,16018,19326,7.5
Fort Wayne,IN,23060,"Fort Wayne, IN Metro Area",ACS 5-year 2020-2024 (ACSDT5Y2024),193389,4166,6863,11029,5.7,128037,476,211,687,0.5,9368,7.3,54,83,https://data.census.gov/api/access/data/table?id=ACSDT5Y2024.B25024&g=310XX00US23060,"Fort Wayne city, Indiana",1825000,118657,3433,5622,9055,7.6
Seattle,WA,42660,"Seattle-Tacoma-Bellevue, WA Metro Area",ACS 5-year 2020-2024 (ACSDT5Y2024),1704523,32667,64468,97135,5.7,964807,6608,10312,16920,1.8,89644,18.9,55,15,https://data.census.gov/api/access/data/table?id=ACSDT5Y2024.B25024&g=310XX00US42660,"Seattle city, Washington",5363000,393918,8285,12801,21086,5.4
Lakeland,FL,29460,"Lakeland-Winter Haven, FL Metro Area",ACS 5-year 2020-2024 (ACSDT5Y2024),340748,8909,10353,19262,5.7,203945,623,860,1483,0.7,16333,9.1,56,75,https://data.census.gov/api/access/data/table?id=ACSDT5Y2024.B25024&g=310XX00US29460,"Lakeland city, Florida",1238250,54896,2276,2737,5013,9.1
Riverside-San Bernardino,CA,40140,"Riverside-San Bernardino-Ontario, CA Metro Area",ACS 5-year 2020-2024 (ACSDT5Y2024),1613300,23567,63931,87498,5.4,954822,1939,5179,7118,0.7,80069,8.9,57,19,https://data.census.gov/api/access/data/table?id=ACSDT5Y2024.B25024&g=310XX00US40140,"Riverside city, California",0662000,99910,1258,4169,5427,5.4
Tampa,FL,45300,"Tampa-St. Petersburg-Clearwater, FL Metro Area",ACS 5-year 2020-2024 (ACSDT5Y2024),1515178,27366,54764,82130,5.4,903370,3075,10205,13280,1.5,68418,19.4,58,23,https://data.census.gov/api/access/data/table?id=ACSDT5Y2024.B25024&g=310XX00US45300,"Tampa city, Florida",1271000,182425,4988,8746,13734,7.5
San Antonio,TX,41700,"San Antonio-New Braunfels, TX Metro Area",ACS 5-year 2020-2024 (ACSDT5Y2024),1057823,17487,38870,56357,5.3,612876,1440,1719,3159,0.5,48963,6.5,59,39,https://data.census.gov/api/access/data/table?id=ACSDT5Y2024.B25024&g=310XX00US41700,"San Antonio city, Texas",4865000,612901,13010,31827,44837,7.3
Greensboro,NC,24660,"Greensboro-High Point, NC Metro Area",ACS 5-year 2020-2024 (ACSDT5Y2024),344801,6255,12111,18366,5.3,202128,335,1301,1636,0.8,16393,10.0,60,77,https://data.census.gov/api/access/data/table?id=ACSDT5Y2024.B25024&g=310XX00US24660,"Greensboro city, North Carolina",3728000,135665,2766,7618,10384,7.7
Charleston,SC,16700,"Charleston-North Charleston, SC Metro Area",ACS 5-year 2020-2024 (ACSDT5Y2024),378268,8056,11899,19955,5.3,231932,925,1303,2228,1.0,16232,13.7,61,73,https://data.census.gov/api/access/data/table?id=ACSDT5Y2024.B25024&g=310XX00US16700,"Charleston city, South Carolina",4513330,77417,2985,4027,7012,9.1
Oklahoma City,OK,36420,"Oklahoma City, OK Metro Area",ACS 5-year 2020-2024 (ACSDT5Y2024),622187,10686,21732,32418,5.2,363406,454,626,1080,0.3,27386,3.9,62,55,https://data.census.gov/api/access/data/table?id=ACSDT5Y2024.B25024&g=310XX00US36420,"Oklahoma City city, Oklahoma",4055000,306366,5968,13261,19229,6.3
Spokane,WA,44060,"Spokane-Spokane Valley, WA Metro Area",ACS 5-year 2020-2024 (ACSDT5Y2024),253987,6329,6897,13226,5.2,156296,655,462,1117,0.7,11874,9.4,63,81,https://data.census.gov/api/access/data/table?id=ACSDT5Y2024.B25024&g=310XX00US44060,"Spokane city, Washington",5367000,102834,3311,3875,7186,7.0
Detroit,MI,19820,"Detroit-Warren-Dearborn, MI Metro Area",ACS 5-year 2020-2024 (ACSDT5Y2024),1926157,44096,55636,99732,5.2,1259368,7445,10940,18385,1.5,83561,22.0,64,14,https://data.census.gov/api/access/data/table?id=ACSDT5Y2024.B25024&g=310XX00US19820,"Detroit city, Michigan",2622000,329393,21214,8034,29248,8.9
Orlando,FL,36740,"Orlando-Kissimmee-Sanford, FL Metro Area",ACS 5-year 2020-2024 (ACSDT5Y2024),1145360,15487,42320,57807,5.0,644674,1254,6882,8136,1.3,51644,15.8,65,35,https://data.census.gov/api/access/data/table?id=ACSDT5Y2024.B25024&g=310XX00US36740,"Orlando city, Florida",1253000,148754,3478,9442,12920,8.7
North Port-Sarasota,FL,35840,"North Port-Bradenton-Sarasota, FL Metro Area",ACS 5-year 2020-2024 (ACSDT5Y2024),487726,9505,15039,24544,5.0,294149,1819,4580,6399,2.2,17763,36.0,66,63,https://data.census.gov/api/access/data/table?id=ACSDT5Y2024.B25024&g=310XX00US35840,"North Port city, Florida",1249675,38930,114,909,1023,2.6
Austin,TX,12420,"Austin-Round Rock-San Marcos, TX Metro Area",ACS 5-year 2020-2024 (ACSDT5Y2024),1042843,21776,30500,52276,5.0,576470,2899,3235,6134,1.1,48980,12.5,67,41,https://data.census.gov/api/access/data/table?id=ACSDT5Y2024.B25024&g=310XX00US12420,"Austin city, Texas",4805000,483071,13363,19901,33264,6.9
Tucson,AZ,46060,"Tucson, AZ Metro Area",ACS 5-year 2020-2024 (ACSDT5Y2024),479939,7929,15773,23702,4.9,285639,679,1508,2187,0.8,20802,10.5,68,64,https://data.census.gov/api/access/data/table?id=ACSDT5Y2024.B25024&g=310XX00US46060,"Tucson city, Arizona",0477000,247823,6876,10723,17599,7.1
Dallas,TX,19100,"Dallas-Fort Worth-Arlington, TX Metro Area",ACS 5-year 2020-2024 (ACSDT5Y2024),3096731,39776,106481,146257,4.7,1737920,3179,7584,10763,0.6,133494,8.1,69,9,https://data.census.gov/api/access/data/table?id=ACSDT5Y2024.B25024&g=310XX00US19100,"Dallas city, Texas",4819000,590237,10115,29366,39481,6.7
Nashville,TN,34980,"Nashville-Davidson--Murfreesboro--Franklin, TN Metro Area",ACS 5-year 2020-2024 (ACSDT5Y2024),897206,20135,22050,42185,4.7,540644,2313,2692,5005,0.9,38164,13.1,70,47,https://data.census.gov/api/access/data/table?id=ACSDT5Y2024.B25024&g=310XX00US34980,"Nashville-Davidson metropolitan government (balance), Tennessee",4752006,344794,12030,11096,23126,6.7
Phoenix,AZ,38060,"Phoenix-Mesa-Chandler, AZ Metro Area",ACS 5-year 2020-2024 (ACSDT5Y2024),2068985,22944,70316,93260,4.5,1260206,2305,9991,12296,1.0,83410,14.7,71,17,https://data.census.gov/api/access/data/table?id=ACSDT5Y2024.B25024&g=310XX00US38060,"Phoenix city, Arizona",0455000,653065,9830,29948,39778,6.1
Tulsa,OK,46140,"Tulsa, OK Metro Area",ACS 5-year 2020-2024 (ACSDT5Y2024),447008,7430,12661,20091,4.5,266029,363,719,1082,0.4,17615,6.1,72,72,https://data.census.gov/api/access/data/table?id=ACSDT5Y2024.B25024&g=310XX00US46140,"Tulsa city, Oklahoma",4075000,192797,3902,9154,13056,6.8
Minneapolis,MN,33460,"Minneapolis-St. Paul-Bloomington, MN-WI Metro Area",ACS 5-year 2020-2024 (ACSDT5Y2024),1551396,36843,31504,68347,4.4,1044794,9570,6976,16546,1.6,62152,26.6,73,31,https://data.census.gov/api/access/data/table?id=ACSDT5Y2024.B25024&g=310XX00US33460,"Minneapolis city, Minnesota",2743000,209080,16850,7657,24507,11.7
Baltimore,MD,12580,"Baltimore-Columbia-Towson, MD Metro Area",ACS 5-year 2020-2024 (ACSDT5Y2024),1201675,22007,29624,51631,4.3,749584,2833,2296,5129,0.7,45319,11.3,74,42,https://data.census.gov/api/access/data/table?id=ACSDT5Y2024.B25024&g=310XX00US12580,"Baltimore city, Maryland",2404000,295032,13723,15469,29192,9.9
Knoxville,TN,28940,"Knoxville, TN Metro Area",ACS 5-year 2020-2024 (ACSDT5Y2024),418905,7030,10750,17780,4.2,266262,555,824,1379,0.5,15538,8.9,75,78,https://data.census.gov/api/access/data/table?id=ACSDT5Y2024.B25024&g=310XX00US28940,"Knoxville city, Tennessee",4740000,96441,3366,4050,7416,7.7
Houston,TX,26420,"Houston-Pasadena-The Woodlands, TX Metro Area",ACS 5-year 2020-2024 (ACSDT5Y2024),2906364,34711,86525,121236,4.2,1630188,3130,4742,7872,0.5,108491,7.3,76,10,https://data.census.gov/api/access/data/table?id=ACSDT5Y2024.B25024&g=310XX00US26420,"Houston city, Texas",4835000,1040576,20505,50524,71029,6.8
Birmingham,AL,13820,"Birmingham, AL Metro Area",ACS 5-year 2020-2024 (ACSDT5Y2024),526287,6720,14302,21022,4.0,329222,352,972,1324,0.4,17933,7.4,77,70,https://data.census.gov/api/access/data/table?id=ACSDT5Y2024.B25024&g=310XX00US13820,"Birmingham city, Alabama",0107000,109349,2281,5007,7288,6.7
Denver,CO,19740,"Denver-Aurora-Centennial, CO Metro Area",ACS 5-year 2020-2024 (ACSDT5Y2024),1290063,15257,34769,50026,3.9,782513,2908,9348,12256,1.6,46713,26.2,78,43,https://data.census.gov/api/access/data/table?id=ACSDT5Y2024.B25024&g=310XX00US19740,"Denver city, Colorado",0820000,359581,7392,10882,18274,5.1
Atlanta,GA,12060,"Atlanta-Sandy Springs-Roswell, GA Metro Area",ACS 5-year 2020-2024 (ACSDT5Y2024),2497322,31241,65484,96725,3.9,1529469,2379,7478,9857,0.6,86524,11.4,79,16,https://data.census.gov/api/access/data/table?id=ACSDT5Y2024.B25024&g=310XX00US12060,"Atlanta city, Georgia",1304000,265899,5208,10906,16114,6.1
Washington DC,DC,47900,"Washington-Arlington-Alexandria, DC-VA-MD-WV Metro Area",ACS 5-year 2020-2024 (ACSDT5Y2024),2506631,28171,60497,88668,3.5,1510742,7378,11157,18535,1.2,81327,22.8,80,18,https://data.census.gov/api/access/data/table?id=ACSDT5Y2024.B25024&g=310XX00US47900,"Washington city, District of Columbia",1150000,361014,11723,25266,36989,10.2
Raleigh,NC,39580,"Raleigh-Cary, NC Metro Area",ACS 5-year 2020-2024 (ACSDT5Y2024),619032,8246,12826,21072,3.4,382581,498,827,1325,0.3,18935,7.0,81,69,https://data.census.gov/api/access/data/table?id=ACSDT5Y2024.B25024&g=310XX00US39580,"Raleigh city, North Carolina",3755000,224853,4052,8568,12620,5.6
Charlotte,NC,16740,"Charlotte-Concord-Gastonia, NC-SC Metro Area",ACS 5-year 2020-2024 (ACSDT5Y2024),1165208,14548,24746,39294,3.4,709351,658,2801,3459,0.5,35944,9.6,82,48,https://data.census.gov/api/access/data/table?id=ACSDT5Y2024.B25024&g=310XX00US16740,"Charlotte city, North Carolina",3712000,399305,3743,11139,14882,3.7
Omaha,NE,36540,"Omaha, NE-IA Metro Area",ACS 5-year 2020-2024 (ACSDT5Y2024),412110,5394,7614,13008,3.2,257911,733,485,1218,0.5,11234,10.8,83,82,https://data.census.gov/api/access/data/table?id=ACSDT5Y2024.B25024&g=310XX00US36540,"Omaha city, Nebraska",3137000,213023,2760,4529,7289,3.4
