metro,status,max_assistance_usd,program_or_finding,source_url,as_of
Akron,program_found,,"3% or 3.5% of the home's purchase price. OHFA Down Payment Assistance ('Your Choice!'): 3% of the purchase price with an OHFA conventional loan, 3.5% with an OHFA government loan (FHA, VA, USDA). OHFA's homebuyer page (captured 2026-09-24): 'OHFA Down Payment Assistance allows homebuyers to choose 3% for conventional loans or 3.5% for government loans (FHA, VA, USDA) of the home's purchase price.' OHFA's lender program guidelines dated July 1, 2026 say the same: 'Sized at exactly 3% of the home purchase price, rounded down to the nearest dollar' (Conventional Program, p. 9, ohiohome.org/partners/documents/Conventional-Guidelines-July26.pdf) and 'Sized at exactly 3.5% of the home purchase price' (Government Program, p. 7, ohiohome.org/partners/documents/Government-Guidelines-July26.pdf). Forgiven after seven years; repaid in full if the home is sold or refinanced within seven years. No flat dollar cap is published. NOTE: percentage of PURCHASE PRICE, not loan amount. Corrected 2026-09-24: the previous '2.5% or 5%' was quoted from an OHFA brochure stamped 'Revised December 19, 2022' (ohiohome.org/partners/documents/DPA.pdf) that OHFA still hosts but has superseded.",https://myohiohome.org/downpaymentassistance.aspx,2026-09-24
Albany,program_found,30000,SONYMA Down Payment Assistance Loan (DPAL/DPAL Plus),https://hcr.ny.gov/dpal-plus-2026-term-sheet,2026-07
Albuquerque,none_found,,"Housing New Mexico (MFA) FirstHome/FirstDown: the FirstHome fact sheet (rev. 10/22/25) states the program 'can only be used to finance single-family residences. Properties cannot be used for income generation', and FirstDown carries the same property requirements. No 2-4 unit-eligible statewide program found. Re-sourced 2026-09-08 to the program's own fact sheet (previously a third-party aggregator).",https://housingnm.org/uploads/documents/FirstHome_%28NON_FILLABLE%29_10.22.25.pdf,2026-09
Allentown,program_found,6000,"PHFA Keystone Advantage Assistance Loan Confirmed 2026-10-04 from PHFA's First Mortgage Programs Overview (March 2026): Keystone Home Loan and Keystone Government first mortgages allow 'One or two units; condos, PUDs, manufactured housing'; HFA Preferred is 'One-unit properties only'. Keystone Advantage pairs with KHL, HFA Preferred or KGov (Subordinate Mortgage Programs Overview, August 2026, maximum $6,000). TWO-unit eligible through Keystone Home Loan or Keystone Government; 3-4 unit NOT eligible.",https://www.phfa.org/programs/assistance/keystone-advantage.aspx,2026-10-04
Atlanta,none_found,,"Georgia Dream Homeownership Program. The program's published eligibility matrix excludes 2-4 unit properties. NOT confirmed with the agency: two attempts to reach DCA in August 2026 were undeliverable (both addresses rejected the mail). Treat as a document reading rather than an agency confirmation, and do not cite without checking.",https://dca.georgia.gov/document/resources/georgia-dream-standard-matrix/download,2026-08
Austin,program_found,,"2% to 5% of the total mortgage loan amount. TDHCA My First Texas Home program matrix (published August 17, 2026): 'Available DPA: 2%-5% of the total loan amount funding permitting.' Borrower chooses a 30-year deferred repayable second or a 3-year deferred forgivable second. Corrected 2026-09-24: the previous flat $15,000 appears nowhere in the matrix and contradicted the San Antonio row on the same statewide program, so it was replaced with the published percentage. TWO-unit eligible; 3-4 unit NOT eligible (the program matrix lists duplexes, one unit owner-occupied, and no triplex or fourplex).",https://welcomehome.tdhca.texas.gov/uploads/My-First-Texas-Home-Program-Matrix-TMS.pdf,2026-09-24
Bakersfield,program_found,,"up to 5.5% of the first mortgage loan amount (GSFA Platinum; no flat dollar cap). GSFA Platinum states 'Financial Assistance (up to 5.5%)' of the First Mortgage loan amount, split into a second mortgage plus a gift component; GSFA publishes NO flat dollar cap on the assistance, only a maximum first mortgage loan limit of $832,750. Corrected 2026-09-24: the previous flat $19,000 is stated in no GSFA document and contradicted the eight other California rows on the same statewide program, so it was replaced with the published percentage.",https://www.gsfahome.org/programs/dpa/platinum.shtml,2026-09-24
Baltimore,none_found,,"None usable on a rented-unit house hack. Maryland Mortgage Program (MMP) Compliance Manual (updated January 28, 2026), section 2.10(F) 'Ineligible Residences', read as PDF page 32 on 2026-10-04: '3. Rental homes or any home a portion of which is to be rented. 4. Investment homes.' Section 2.10(E) limits eligible residences to single-unit homes, including one half of a duplex bought on its own. MMP's $6,000 (1st Time Advantage 6000 / Flex 6000) and 3% to 6% products therefore cannot be used on a two-to-four-unit home where another unit is rented. Corrected 2026-10-04: the previous row (program_found, $6,000, 'two-to-four-unit homes qualify, checked July 2026') rested on the consumer page, not the manual. Baltimore City and Baltimore County local programs have not been surveyed for 2-4 unit eligibility.",https://mmp.maryland.gov/media/52,2026-10-04
Baton Rouge,none_found,,"Louisiana Housing Corporation. Confirmed 2026-08-13 by email from Daniel Duggan, Homeownership Business Development and Marketing Supervisor (""We do not allow down payment assistance on two to four unit properties""), and Cody Henderson, Single Family Manager (""LHC does not allow multi-unit dwellings on our Down Payment Assistance Program""). The exclusion covers the LHC assistance program generally, not only MRB Home and MRB Assisted. The CDBG Assisted Program closed 2025-12-01.",https://www.lhc.la.gov/hubfs/Document%20Libraries/Homeownership/MRB/HOMEMRB%20Guidelines.pdf,2026-08
Birmingham,none_found,,"AHFA Step Up. Single-family only. Confirmed 2026-08-13 by email from Madison Adams, Operations Support Specialist, Alabama Housing Finance Authority: ""No, it can only be a Single-Family residence."" Supersedes the earlier note that unit eligibility could not be confirmed.",https://www.ahfa.com/programs/homeownership/available-programs/step-up,2026-08
Boston,program_found,30000,MassHousing Down Payment Assistance,https://www.masshousing.com/en/home-ownership/homebuyers/down-payment-assistance,2026-07
Bridgeport,program_found,25000,CHFA Time to Own (statewide),https://www.chfa.org/homebuyers-homeowners/homebuyers/time-to-own-down-payment-assistance-program-loan/,2026-07
Buffalo,program_found,30000,SONYMA Down Payment Assistance Loan (DPAL/DPAL Plus),https://hcr.ny.gov/dpal-plus-2026-term-sheet,2026-07
Cape Coral-Fort Myers,program_found,35000,"5% of the loan, $10,000 to $35,000. Florida Hometown Heroes (statewide), Florida Housing: 'Borrowers can receive up to 5% of the total first mortgage loan amount (maximum of $35,000/minimum of $10,000) in funds towards down payment and closing cost assistance', as a 0% non-amortizing 30-year deferred second that is not forgivable. Only for full-time health care, school, first responder, public safety, court and child care workers and veterans employed by a Florida-based employer, and for servicemembers; if you qualify, it works in every Florida metro. Florida Housing's page says nothing about property or unit type; 2-4 unit eligibility rests on the bond guide cited as the source.",https://www.ehousingplus.com/wp-content/uploads/FHFC-HTH-Bond-Guide-03-31-26.pdf,2026-09-24
Charleston,program_found,,"3% or 4% of the total first mortgage loan amount. Palmetto Home Advantage Program Guide (2026-02-02): 'Down Payment Assistance is available with a 0%, 3% or 4% of the total first mortgage loan amount (including UPMIP, Funding or Guarantee Fee)'. Forgivable second, 10-year, 0%; the guide says 'This is not a grant.' The previous $12,600 was our own estimate on a $315,000 median price - removed. FHA and conventional options both stop at two-unit properties (Palmetto Home Advantage: FHA on 'single family, doublewide manufactured and two-unit owner occupied properties'; conventional up to 97% LTV on one-unit and 95% on two-unit properties), so the assistance reaches duplexes and not triplexes or fourplexes.",https://schousing.sc.gov/homebuyers/programs-homebuyers/palmetto-home-advantage,2026-09-24
Charlotte,program_found,,"up to 3% of the first mortgage total loan amount. NC Home Advantage Mortgage Program Guide (June 2026), s4.13: '3% calculated on total loan amount, not sales/appraised value'. 15-year deferred subordinate lien at 0%. Duplexes on FHA loans only; no three- or four-unit type is listed (NC Home Advantage Mortgage Program Guide, July 2026, Eligible Property Types), so the assistance reaches duplexes and not triplexes or fourplexes.",https://www.nchfa.com/sites/default/files/2026-07/NCHomeAdvantageMortgageProgramGuide.pdf,2026-09-24
Chicago,program_found,10000,"IHDAccess Repayable (Illinois Housing Development Authority): 10% of the purchase price, up to $10,000, repaid monthly over 10 years at 0% interest. Two-unit limit, in IHDA's words (All-Programs Matrix, March 2026): 'Single Family owner-occupied primary residence (1 - 2 units only, condo, townhouse, community land trust) on less than 5 acres, No Manufactured'. Not usable on a triplex or fourplex. Re-sourced 2026-09-24 to IHDA's own matrix (previously a third-party summary).",https://www.ihdamortgage.org/_files/ugd/62f289_80338f7a87504432840a782ae5ce1aa2.pdf,2026-09-24
Cincinnati,program_found,,"3% or 3.5% of the home's purchase price. OHFA Down Payment Assistance ('Your Choice!'): 3% of the purchase price with an OHFA conventional loan, 3.5% with an OHFA government loan (FHA, VA, USDA). OHFA's homebuyer page (captured 2026-09-24): 'OHFA Down Payment Assistance allows homebuyers to choose 3% for conventional loans or 3.5% for government loans (FHA, VA, USDA) of the home's purchase price.' OHFA's lender program guidelines dated July 1, 2026 say the same: 'Sized at exactly 3% of the home purchase price, rounded down to the nearest dollar' (Conventional Program, p. 9, ohiohome.org/partners/documents/Conventional-Guidelines-July26.pdf) and 'Sized at exactly 3.5% of the home purchase price' (Government Program, p. 7, ohiohome.org/partners/documents/Government-Guidelines-July26.pdf). Forgiven after seven years; repaid in full if the home is sold or refinanced within seven years. No flat dollar cap is published. NOTE: percentage of PURCHASE PRICE, not loan amount. Corrected 2026-09-24: the previous '2.5% or 5%' was quoted from an OHFA brochure stamped 'Revised December 19, 2022' (ohiohome.org/partners/documents/DPA.pdf) that OHFA still hosts but has superseded.",https://myohiohome.org/downpaymentassistance.aspx,2026-09-24
Cleveland,program_found,,"3% or 3.5% of the home's purchase price. OHFA Down Payment Assistance ('Your Choice!'): 3% of the purchase price with an OHFA conventional loan, 3.5% with an OHFA government loan (FHA, VA, USDA). OHFA's homebuyer page (captured 2026-09-24): 'OHFA Down Payment Assistance allows homebuyers to choose 3% for conventional loans or 3.5% for government loans (FHA, VA, USDA) of the home's purchase price.' OHFA's lender program guidelines dated July 1, 2026 say the same: 'Sized at exactly 3% of the home purchase price, rounded down to the nearest dollar' (Conventional Program, p. 9, ohiohome.org/partners/documents/Conventional-Guidelines-July26.pdf) and 'Sized at exactly 3.5% of the home purchase price' (Government Program, p. 7, ohiohome.org/partners/documents/Government-Guidelines-July26.pdf). Forgiven after seven years; repaid in full if the home is sold or refinanced within seven years. No flat dollar cap is published. NOTE: percentage of PURCHASE PRICE, not loan amount. Corrected 2026-09-24: the previous flat $10,000 appears in no OHFA document (it was an unrecorded conversion of the superseded 5% tier at a $200,000 price) and the guide it cited, Conventional-Guidelines-25.pdf, now returns 404; replaced with the published percentage.",https://myohiohome.org/downpaymentassistance.aspx,2026-09-24
Columbus,program_found,,"3% or 3.5% of the home's purchase price. OHFA Down Payment Assistance ('Your Choice!'): 3% of the purchase price with an OHFA conventional loan, 3.5% with an OHFA government loan (FHA, VA, USDA). OHFA's homebuyer page (captured 2026-09-24): 'OHFA Down Payment Assistance allows homebuyers to choose 3% for conventional loans or 3.5% for government loans (FHA, VA, USDA) of the home's purchase price.' OHFA's lender program guidelines dated July 1, 2026 say the same: 'Sized at exactly 3% of the home purchase price, rounded down to the nearest dollar' (Conventional Program, p. 9, ohiohome.org/partners/documents/Conventional-Guidelines-July26.pdf) and 'Sized at exactly 3.5% of the home purchase price' (Government Program, p. 7, ohiohome.org/partners/documents/Government-Guidelines-July26.pdf). Forgiven after seven years; repaid in full if the home is sold or refinanced within seven years. No flat dollar cap is published. NOTE: percentage of PURCHASE PRICE, not loan amount. Corrected 2026-09-24: the previous flat $14,000 appears in no OHFA document (it was an unrecorded conversion of the superseded 5% tier at a $280,000 price) and the guide it cited, Conventional-Guidelines-25.pdf, now returns 404; replaced with the published percentage.",https://myohiohome.org/downpaymentassistance.aspx,2026-09-24
Dallas,program_found,,"2% to 5% of the total mortgage loan amount. TDHCA My First Texas Home program matrix (published August 17, 2026): 'Available DPA: 2%-5% of the total loan amount funding permitting.' Borrower chooses a 30-year deferred repayable second or a 3-year deferred forgivable second. Corrected 2026-09-24: the previous flat $15,000 appears nowhere in the matrix and contradicted the San Antonio row on the same statewide program, so it was replaced with the published percentage. TWO-unit eligible; 3-4 unit NOT eligible (the program matrix lists duplexes, one unit owner-occupied, and no triplex or fourplex).",https://welcomehome.tdhca.texas.gov/uploads/My-First-Texas-Home-Program-Matrix-TMS.pdf,2026-09-24
Dayton,program_found,,"3% or 3.5% of the home's purchase price. OHFA Down Payment Assistance ('Your Choice!'): 3% of the purchase price with an OHFA conventional loan, 3.5% with an OHFA government loan (FHA, VA, USDA). OHFA's homebuyer page (captured 2026-09-24): 'OHFA Down Payment Assistance allows homebuyers to choose 3% for conventional loans or 3.5% for government loans (FHA, VA, USDA) of the home's purchase price.' OHFA's lender program guidelines dated July 1, 2026 say the same: 'Sized at exactly 3% of the home purchase price, rounded down to the nearest dollar' (Conventional Program, p. 9, ohiohome.org/partners/documents/Conventional-Guidelines-July26.pdf) and 'Sized at exactly 3.5% of the home purchase price' (Government Program, p. 7, ohiohome.org/partners/documents/Government-Guidelines-July26.pdf). Forgiven after seven years; repaid in full if the home is sold or refinanced within seven years. No flat dollar cap is published. NOTE: percentage of PURCHASE PRICE, not loan amount. Corrected 2026-09-24: the previous '2.5% or 5%' was quoted from an OHFA brochure stamped 'Revised December 19, 2022' (ohiohome.org/partners/documents/DPA.pdf) that OHFA still hosts but has superseded.",https://myohiohome.org/downpaymentassistance.aspx,2026-09-24
Denver,program_found,,"3% or 4% of the first-mortgage note amount. metroDPA Program Guide (US Bank edition, revised 06/10/26), read as PDF pages 6 and 10 on 2026-10-04: assistance 'may be 3% or 4% of the Note amount, in the form of a 30-year deferred second mortgage' (0%, not a grant; amounts subject to change at any time). Income limits effective 05/01/26: $216,000 for FHA, USDA and VA loans and for conventional loans above 80% AMI; $115,200 for conventional loans at or below 80% AMI. Corrected 2026-10-04: the previous 'up to 5%' came from the consumer site metro-dpa.com; the lender guide states 3% or 4%.",https://www.ehousingplus.com/wp-content/uploads/metroDPA-US-Bank-Guide-06-10-26b.pdf,2026-10-04
Detroit,program_found,25000,"City of Detroit Down Payment Assistance Program: grants of up to $25,000 (City of Detroit Down Payment Eligibility Guidelines, revised 6/2024; ARPA-funded grants for buyers who have not held an interest in a property in the last three years, with the home kept as the principal residence for three years). Two-unit limit, in the city's words: 'You must purchase a 1-2-unit property in the City of Detroit as your primary residence and plan for it to remain as your primary residence for the next 3 years.' Not usable on a triplex or fourplex.",https://detroitmi.gov/sites/detroitmi.localhost/files/2024-06/Detroit%20DPA%20Applcation.pdf,2026-09-24
El Paso,program_found,,"2% to 5% of the total mortgage loan amount. TDHCA My First Texas Home (statewide, covers El Paso County) program matrix (published August 17, 2026): 'Available DPA: 2%-5% of the total loan amount funding permitting.' Borrower chooses a 30-year deferred repayable second or a 3-year deferred forgivable second. TWO-unit eligible; 3-4 unit NOT eligible (the program matrix lists duplexes, one unit owner-occupied, and no triplex or fourplex). Corrected 2026-10-04: the previous row named the City of El Paso First Time Homebuyers Program ($5,000), but the city's own sheet (updated 07/15/2022) limits eligible property to 'a single-family property, one unit in a 2-4-unit property, condo, or manufactured home', so it does not cover buying the whole building and renting the other units; the statewide TDHCA route, already recorded for Austin, Dallas and San Antonio, is the usable one.",https://welcomehome.tdhca.texas.gov/uploads/My-First-Texas-Home-Program-Matrix-TMS.pdf,2026-10-04
Fort Wayne,none_found,,"IHCDA Next Home / First Step (Hoosier Homes also checked). A 1-4 unit purchase is allowed, but the other units may not be rented for the life of the loan, confirmed in writing by IHCDA, August 2026; so the assistance does not give an owner occupant a unit to rent out and is not counted as usable on a 2-4 unit home.",https://www.in.gov/ihcda/files/Next-Home-FHA-PG-7.28.21.pdf,2026-09-24
Fresno,program_found,,"up to 5.5% of the first mortgage loan amount. GSFA Platinum states 'Financial Assistance (up to 5.5%)' of the First Mortgage loan amount, split into a second mortgage plus a gift component; GSFA publishes NO flat dollar cap on the assistance, only a maximum first mortgage loan limit of $832,750. Previous dollar figures on this row were DERIVED by an earlier pass and could not be reconstructed - replaced with the published percentage (13 August 2026).",https://gsfahome.org/programs/dpa/platinum.shtml,2026-08
Grand Rapids,unconfirmed,,"MSHDA MI 10K DPA Loan (statewide): the agency does not state 2-4 unit eligibility; participating-lender documentation describes single-family, condominium and manufactured homes only (michigan.gov MSHDA MI 10K and MI Home lender-requirements pages and participating lenders, read 2026-10-05). Unit eligibility unconfirmed; not counted until the agency confirms.",https://www.michigan.gov/mshda/pathway-to-housing/mi-10k-dpa-loan,2026-10
Greensboro,program_found,,"up to 3% of the first mortgage total loan amount. NC Home Advantage Mortgage Program Guide (June 2026), s4.13: '3% calculated on total loan amount, not sales/appraised value'. 15-year deferred subordinate lien at 0%. Duplexes on FHA loans only; no three- or four-unit type is listed (NC Home Advantage Mortgage Program Guide, July 2026, Eligible Property Types), so the assistance reaches duplexes and not triplexes or fourplexes.",https://www.nchfa.com/sites/default/files/2026-07/NCHomeAdvantageMortgageProgramGuide.pdf,2026-09-24
Harrisburg,program_found,6000,"PHFA Keystone Advantage Assistance Loan Confirmed 2026-10-04 from PHFA's First Mortgage Programs Overview (March 2026): Keystone Home Loan and Keystone Government first mortgages allow 'One or two units; condos, PUDs, manufactured housing'; HFA Preferred is 'One-unit properties only'. Keystone Advantage pairs with KHL, HFA Preferred or KGov (Subordinate Mortgage Programs Overview, August 2026, maximum $6,000). TWO-unit eligible through Keystone Home Loan or Keystone Government; 3-4 unit NOT eligible.",https://www.phfa.org/programs/assistance/keystone-advantage.aspx,2026-10-04
Hartford,program_found,25000,CHFA Time To Own (Down Payment Assistance),https://www.chfa.org/assets/1/6/Pages_from_Operations_Manual_sections_2_combined_Rev_4.2026_FINAL.pdf,2026-07
Houston,program_found,,"up to 5% of the loan amount. TSAHC Homeownership Programs (Home Sweet Texas Home Loan / Homes for Texas Heroes), per TSAHC's own page: 'If you qualify for TSAHC programs, you may be able to receive up to 5% of your loan amount to help pay for your down payment and/or closing costs through a participating lender.' No flat dollar cap is published. Corrected 2026-09-24: the previous $16,000 here and $10,000 in the McAllen row gave one statewide program two different caps from the same source, and neither figure appears on TSAHC's page, so both rows now carry the published percentage. Property-type eligibility was recorded in July 2026 from TSAHC's knowledge-base article 'What type of home can I buy with TSAHC's homeownership programs?' (kb.tsahc.org/39170/kb/article/102870) and was not re-read on 2026-09-24. TSAHC Lender Guidelines 4.2 'Qualifying Residences and Mortgage Loans', read 2026-10-04: 'Existing 2, 3 or 4-unit property, provided that one of the units will be occupied by the borrower and the property has been occupied for residential purposes for at least 5 years'; conventional loans are '(Fannie Mae only with LTV < 95%; 3% borrower's own funds required)'.",https://www.tsahc.org/homebuyers-renters/loans-and-down-payment-assistance/,2026-10-04
Indianapolis,none_found,,None confirmed for 2-4 unit,https://www.in.gov/ihcda/files/HOD-Universal-Program-Guide-Final.pdf,2026-07
Jacksonville,program_found,20000,"Home Sweet Home (Housing Finance Authority of Jacksonville, Duval County): up to $20,000 for first-time buyers, a 30-year 0% deferred second that is never forgiven and is repayable on sale, refinance, transfer or rental of the home within 30 years. Eligible property types include '2-3-4-unit properties that are at least 5 years old' (FHA, VA and USDA only; the Freddie Mac option is one unit), so a two-to-four-unit home has to be at least five years old (checked September 2026; the program page is published by the program's lender, Next Wave Mortgage). Florida Housing FL Assist (statewide second mortgage), $10,000, is the statewide fallback. Corrected 2026-09-24: the row previously carried the $10,000 statewide fallback only.",https://www.homesweethomeprogram.com/,2026-09-24
Kansas City,program_found,,"4% of the total mortgage amount. MHDC First Place Cash Assistance Loan: 'a 100% forgivable second loan equal to 4% of the total mortgage amount to help with down payment and closing costs'. Fully forgiven at year 10. No dollar cap found in MHDC's own documents. Two-unit limit: the First Place Loan Program operations manual (Revised 3/11/2026) lists eligible properties as 'Single-Family detached', 'Owner-Occupied one- or two-unit duplexes', semi-detached, condominiums, town homes and double-wide manufactured homes; no three- or four-unit type is listed, so the assistance is not usable on a triplex or fourplex.",https://mhdc.com/media/k5epnlpt/first-place-manual-march-2026.pdf,2026-09-24
Knoxville,program_found,15000,"THDA Great Choice Home Loan with Great Choice Plus down payment assistance: 5% of the sales price, capped at $15,000 (Originating Agents Guide: 'the loan amount is up to 5% of the sales price (maximum loan amount of $15,000)'). The guide lists 'A 2-4-unit residence, one unit of which must be occupied by Applicant as his/her principal residence' among eligible properties, and THDA confirmed in writing (14 August 2026) that its down payment assistance can be used to buy a 1-4 unit home the buyer lives in. Corrected 2026-09-24: moved from unconfirmed to program_found so the three Tennessee rows (Knoxville, Memphis, Nashville) carry the same finding for the same statewide program; the row had rested on the program page not stating unit eligibility. Terms (Originating Agents Guide, PDF page 12, read 2026-10-04): the Payment option is a second loan 'at an interest rate the same as the first mortgage, monthly payments amortized over a 30-year term' for up to 5% of the sales price, maximum $15,000; the No-Payment options are $6,000 or $10,000 at 0%, forgiven over 10 years; 'Max Acquisition Cost $500,000'.",https://dogvxws799i6n.cloudfront.net/wp-content/uploads/OA-Guide-Current.pdf,2026-10-04
Lakeland,program_found,10000,Florida Housing FL Assist (statewide second mortgage),https://www.ehousingplus.com/wp-content/uploads/FHFC-HTH-TBA-Guide-FNMA-Removed-08-01-25.pdf,2026-07
Las Vegas,program_found,,"Nevada Home Is Possible HIP-DPA. Assistance is 3% or 5% of the LOAN AMOUNT, not a fixed dollar sum, so no dollar figure is published for this metro - the live page shows '5% of the loan'. The 5% tier carries a slightly higher interest rate than the 3% tier. Property type confirmed twice: NHD's own dated rate sheet lists HIP-DPA as 'Residential Units only. New or existing, one-four units detached or attached, condos, townhomes, and manufactured homes' (the base HIP first-time-buyer product is single-family only), and the Nevada Housing Division confirmed by email 2026-08-13: 'we have our HIP-DPA program which allows for a borrower to purchase a multi-unit property. However, we require that the borrower live in one of the units.' Structure: no-interest, no-payment, non-forgivable 30-year second mortgage. Reply came from hip@state.nv.us, not the hip@housing.nv.gov address written to. WARNING FOR ANY SCRIPT READING THIS COLUMN: the value 5 is a PERCENT, not dollars - check the unit column.",https://www.homeispossiblenv.org/todays-rates,2026-08
Los Angeles,program_found,,"up to 5.5% of the first mortgage loan amount. GSFA Platinum states 'Financial Assistance (up to 5.5%)' of the First Mortgage loan amount, split into a second mortgage plus a gift component; GSFA publishes NO flat dollar cap on the assistance, only a maximum first mortgage loan limit of $832,750. Previous dollar figures on this row were DERIVED by an earlier pass and could not be reconstructed - replaced with the published percentage (13 August 2026).",https://gsfahome.org/programs/dpa/platinum.shtml,2026-08
Louisville,unconfirmed,,"KHC Down Payment Assistance, up to $12,500 - 2-4 unit eligibility NOT stated on program page.",https://www.kyhousing.org/page/down-payment-assistance,2026-07
McAllen,program_found,,"up to 5% of the loan amount. TSAHC Homeownership Programs (Home Sweet Texas Home Loan / Homes for Texas Heroes), statewide and covering the Rio Grande Valley, per TSAHC's own page: 'If you qualify for TSAHC programs, you may be able to receive up to 5% of your loan amount to help pay for your down payment and/or closing costs through a participating lender.' No flat dollar cap is published. Corrected 2026-09-24: the previous $10,000 here and $16,000 in the Houston row gave one statewide program two different caps from the same source, and neither figure appears on TSAHC's page, so both rows now carry the published percentage. Property-type eligibility was recorded in July 2026 from TSAHC's knowledge-base article 'What type of home can I buy with TSAHC's homeownership programs?' (kb.tsahc.org/39170/kb/article/102870) and was not re-read on 2026-09-24. TSAHC Lender Guidelines 4.2 'Qualifying Residences and Mortgage Loans', read 2026-10-04: 'Existing 2, 3 or 4-unit property, provided that one of the units will be occupied by the borrower and the property has been occupied for residential purposes for at least 5 years'; conventional loans are '(Fannie Mae only with LTV < 95%; 3% borrower's own funds required)'.",https://www.tsahc.org/homebuyers-renters/loans-and-down-payment-assistance/,2026-10-04
Memphis,program_found,15000,"THDA Great Choice Home Loan with Great Choice Plus down payment assistance: 5% of the sales price, capped at $15,000 (Originating Agents Guide: 'the loan amount is up to 5% of the sales price (maximum loan amount of $15,000)'). The guide lists 'A 2-4-unit residence, one unit of which must be occupied by Applicant as his/her principal residence' among eligible properties, and THDA confirmed in writing (14 August 2026) that its down payment assistance can be used to buy a 1-4 unit home the buyer lives in. Terms (Originating Agents Guide, PDF page 12, read 2026-10-04): the Payment option is a second loan 'at an interest rate the same as the first mortgage, monthly payments amortized over a 30-year term' for up to 5% of the sales price, maximum $15,000; the No-Payment options are $6,000 or $10,000 at 0%, forgiven over 10 years; 'Max Acquisition Cost $500,000'.",https://dogvxws799i6n.cloudfront.net/wp-content/uploads/OA-Guide-Current.pdf,2026-10-04
Miami,program_found,10000,Florida Housing FL Assist (statewide second mortgage),https://www.ehousingplus.com/wp-content/uploads/FHFC-HTH-TBA-Guide-FNMA-Removed-08-01-25.pdf,2026-07
Milwaukee,program_found,,"up to 6% of the home's purchase price. WHEDA Easy Close Advantage DPA, per WHEDA's program page: 'Maximum loan amount is 6% of the purchase price when partnered with a WHEDA Conventional first mortgage loan' and the same with a WHEDA FHA first mortgage; minimum $1,000; a 10-year fixed-rate second at the first-mortgage rate. Unit limit by first mortgage: 2-4 units with a WHEDA conventional first mortgage (3% borrower funds, six months reserves and landlord education required); one or two units with a WHEDA FHA loan (Easy Close DPA eligibility matrix, May 19, 2021). Corrected 2026-09-24: the previous flat $14,000 appears in neither the matrix nor the program page, so it was replaced with the published percentage. WHEDA Available Programs page, read 2026-10-04: conventional first mortgage 'No requirement for Borrower funds on any property type except 2-4 unit which requires Borrower funds of 3% of purchase price and 6 months reserves'; Easy Close Advantage is a '10-year fixed rate second mortgage with monthly payment' and the 'Interest rate is same as first mortgage'; the lender matrix states the maximum as 6% of the lesser of purchase price or appraised value.",https://www.wheda.com/homeownership-and-renters/home-buyers/available-programs,2026-10-04
Minneapolis,program_found,20000,Minneapolis Homes: ACCESS Down Payment Assistance (City of Minneapolis),https://nwhomepartners.org/minneapolis-homes-access-down-payment-assistance/,2026-07
Nashville,program_found,15000,"THDA Great Choice Home Loan with Great Choice Plus down payment assistance: 5% of the sales price, capped at $15,000 (Originating Agents Guide: 'the loan amount is up to 5% of the sales price (maximum loan amount of $15,000)'). The guide lists 'A 2-4-unit residence, one unit of which must be occupied by Applicant as his/her principal residence' among eligible properties, and THDA confirmed in writing (14 August 2026) that its down payment assistance can be used to buy a 1-4 unit home the buyer lives in. Terms (Originating Agents Guide, PDF page 12, read 2026-10-04): the Payment option is a second loan 'at an interest rate the same as the first mortgage, monthly payments amortized over a 30-year term' for up to 5% of the sales price, maximum $15,000; the No-Payment options are $6,000 or $10,000 at 0%, forgiven over 10 years; 'Max Acquisition Cost $500,000'.",https://dogvxws799i6n.cloudfront.net/wp-content/uploads/OA-Guide-Current.pdf,2026-10-04
New Orleans,program_found,25000,"Finance New Orleans (FANO) Green Mortgage Program. 'Up to $25,000 may be applied as either downpayment assistance, prepaids, closing cost assistance, or a combination of both.' 0% second; at or below 80% AMI it is a five-year deferred forgivable second and 'one hundred percent of the second mortgage is forgiven'; above that it is never forgiven. 2-4 UNIT ELIGIBILITY IS EXPLICIT: 'Qualifying buyers may apply downpayment assistance to purchase a property with up to four (4) housing units (attached or detached)'. Unit cap is set by the first mortgage product (Fannie Mae up to 4, FHA and VA 2, Freddie Mac 1). Purchase price limit: 'Total purchase price shall not exceed $400,000 for single family homes or $450,000 for homes with 2-4 units.' Program guide revision 03/20/26, read directly. CORRECTION 2026-08-13: the previous $13,500 could NOT be sourced to any FANO document, current or archived. The only arithmetic that reproduces it is 3% of the $450,000 2-4 unit price cap, using a '2-5% of first mortgage' figure that appears ONLY on FANO's FAQ and a page whose own URL contains the word BACKUP - it is absent from both dated program guides. Treated as stale, not as a source. WATCH: FANO's site says 'Finance New Orleans has temporarily paused new Green Mortgage Program applications and fund reservations while additional resources are being pursued.' The lender-facing guide does not carry that notice. Contact for confirmation: singlefamily@financenola.org",https://www.ehousingplus.com/wp-content/uploads/FNO-Green-Mortgage-Program-Guide-03-20-26.pdf,2026-08
New York,program_found,100000,NYC HPD HomeFirst Down Payment Assistance Program,https://www.nyc.gov/site/hpd/services-and-information/homefirst-down-payment-assistance-program.page,2026-07
North Port-Sarasota,program_found,10000,Florida Housing FL Assist (statewide second mortgage),https://www.ehousingplus.com/wp-content/uploads/FHFC-HTH-TBA-Guide-FNMA-Removed-08-01-25.pdf,2026-07
Oklahoma City,program_found,,"3.5% of the total loan amount. Oklahoma OHFA DREAM (ohfa.org, NOT Ohio's myohiohome.org): '3.50% Down Payment Assistance' ... 'DPA calculated on Total Loan Amount (Note Amount)'. Same figure for the government and the Freddie Mac conventional products. Guides revised September 2025. Two-unit limit, in the guide's words (Property Type and Eligibility): '1 - Unit & 2 - Unit Properties' and '2 - Unit Properties - FHA only; Must be one parcel and one legal description', with the borrower occupying one unit. Not usable on a triplex or fourplex.",https://www.ohfa.org/wp-content/uploads/2025/LDREAMGOVT-Guide-2025-9152025-IFF-INCREASE.pdf,2026-09-24
Omaha,program_found,,"up to 5% of the home's purchase price. NIFA Homebuyer Assistance (HBA), a repayable second mortgage of up to 5% of the price, 10 years at 1%: 'The maximum amount for the second mortgage loan is 5% of the home's purchase price.' NOTE: percentage of PURCHASE PRICE. Also note NIFA 'Build Home' is a rate-lock product, NOT the DPA product - the earlier row name was wrong.",https://www.nifa.org/homebuyers-renters/homebuyer-assistance,2026-09-24
Orlando,program_found,10000,Florida Housing FL Assist (statewide second mortgage),https://www.ehousingplus.com/wp-content/uploads/FHFC-HTH-TBA-Guide-FNMA-Removed-08-01-25.pdf,2026-07
Oxnard,program_found,,"up to 5.5% of the first mortgage loan amount. GSFA Platinum states 'Financial Assistance (up to 5.5%)' of the First Mortgage loan amount, split into a second mortgage plus a gift component; GSFA publishes NO flat dollar cap on the assistance, only a maximum first mortgage loan limit of $832,750. Previous dollar figures on this row were DERIVED by an earlier pass and could not be reconstructed - replaced with the published percentage (13 August 2026).",https://gsfahome.org/programs/dpa/platinum.shtml,2026-08
Philadelphia,program_found,10000,"Philly First Home: a grant of up to $10,000 (or 6% of the home's purchase price, whichever is lower) for first-time buyers. Two-unit limit, in PHDC's words: 'The property must be a single-family home or duplex located in Philadelphia (no condominiums).' Not usable on a triplex or fourplex.",https://phdcphila.org/philly-first-home/,2026-09-24
Phoenix,unconfirmed,,"Arizona IDA Home Plus (statewide, up to 5% of the loan as a forgivable second): the program's own FAQ lists single-family homes, townhomes, condos and manufactured homes and says 'please speak with your Lender regarding multi-unit properties'; participating lenders advertise duplex eligibility depending on the loan product. Eligibility for 2-4 units is not stated by the program, so this is recorded as unconfirmed, not as a no. Re-checked 2026-09-08 against the program FAQ (previously sourced to a third-party aggregator).",https://homeplusaz.com/frequently-asked-questions/,2026-09
Pittsburgh,program_found,7500,"URA (Urban Redevelopment Authority of Pittsburgh) Down Payment and Closing Cost Assistance: up to $7,500 for first-time buyers below 80% of area median income (0% interest, 5-year deferred loan), up to $5,000 from 80% to 115% of AMI (0% interest, 10-year deferred loan). Two-unit limit, in URA's words: 'Each property may contain up to two connected dwelling units (i.e., duplex, townhouse), one of which must be owner-occupied.' Not usable on a triplex or fourplex.",https://www.ura.org/pages/down-payment-and-closing-cost-assistance-program,2026-09-24
Portland,program_found,15000,"FHLBank Des Moines Home$tart (member-bank grant, covers Oregon)",https://www.fhlbdm.com/webres/File/products-services/CID_DP-Program-Overview.pdf,2026-07
Portland ME,program_found,5000,MaineHousing First Home Loan Program (down payment/closing cost assistance),https://downpaymentscout.com/states/maine/,2026-07
Providence,program_found,15000,RIHousing $15K DPA,https://www.rihousing.com/homebuyers/15k-dpa/,2026-07
Raleigh,program_found,,"up to 3% of the first mortgage total loan amount. NC Home Advantage Mortgage Program Guide (June 2026), s4.13: '3% calculated on total loan amount, not sales/appraised value'. 15-year deferred subordinate lien at 0%. ELIGIBILITY CORRECTED 2026-08-13: Raleigh was previously recorded as 'None found' on the convention that unstated property rules are unusable. The guide DOES state it, s6.1: FHA/USDA/VA eligible types include 'Duplexes (FHA only)', and conventional says 'Note: Duplexes and Manufactured homes NOT eligible under the conventional program.' Charlotte and Greensboro already sat on the same FHA product, so the zero was an internal inconsistency. 3-4 unit properties are not addressed either way. Read from the guide PDF directly. Duplexes on FHA loans only; no three- or four-unit type is listed (NC Home Advantage Mortgage Program Guide, July 2026, Eligible Property Types), so the assistance reaches duplexes and not triplexes or fourplexes.",https://www.nchfa.com/sites/default/files/2026-07/NCHomeAdvantageMortgageProgramGuide.pdf,2026-09-24
Richmond,unconfirmed,,"Virginia DHCD HOMEownership Down Payment Assistance Program (DPA): up to $40,000 (10% of the sales price, 15% in high-cost or economically depressed areas, plus up to $2,500 toward closing costs) for buyers at or below 80% AMI. The two sources point different ways on 2-4 unit homes. DHCD confirmed in writing (Cheri L. Miles, Program Manager, 17 August 2026) that buyers 'may use DHCD's Down Payment Assistance (DPA) on a duplex, provided they will occupy one of the units', and that a buyer purchasing the entire duplex 'must reside in one of the units for the full affordability period'. The written guideline (DHCD DPA Program Guidelines, Revised October 2024, Property Eligibility) is stricter: 'Duplex, Triplex and Fourplex are permitted as long as the unit receiving HOME DPA assistance is individually sold and deeded, will be the primary residence of the homebuyer, and the homebuyer will not own any other units as rentals in that building.' The email confirms a whole duplex but not renting the other unit, so check with DHCD before counting on it. Triplexes and fourplexes bought whole are not confirmed by either source. Reclassified 2026-10-04 from program_found to unconfirmed: by this survey's definition (an owner-occupied building whose other units are rented) the written guideline excludes the use, the August 2026 email does not address renting the other unit, and DHCD has been asked the question again; the row returns to program_found only on a written answer that says yes.",https://www.dhcd.virginia.gov/sites/default/files/DocX/dpa/dpa-program-guidelines.pdf,2026-10-04
Riverside-San Bernardino,program_found,,"up to 5.5% of the first mortgage loan amount. GSFA Platinum states 'Financial Assistance (up to 5.5%)' of the First Mortgage loan amount, split into a second mortgage plus a gift component; GSFA publishes NO flat dollar cap on the assistance, only a maximum first mortgage loan limit of $832,750. Previous dollar figures on this row were DERIVED by an earlier pass and could not be reconstructed - replaced with the published percentage (13 August 2026).",https://gsfahome.org/programs/dpa/platinum.shtml,2026-08
Rochester,program_found,30000,"SONYMA Down Payment Assistance Loan (DPAL), paired with Achieving the Dream / Low Interest Rate mortgage",https://hcr.ny.gov/achieving-dream-program-0,2026-07
Sacramento,program_found,,"up to 5.5% of the first mortgage loan amount. GSFA Platinum states 'Financial Assistance (up to 5.5%)' of the First Mortgage loan amount, split into a second mortgage plus a gift component; GSFA publishes NO flat dollar cap on the assistance, only a maximum first mortgage loan limit of $832,750. Previous dollar figures on this row were DERIVED by an earlier pass and could not be reconstructed - replaced with the published percentage (13 August 2026).",https://gsfahome.org/programs/dpa/platinum.shtml,2026-08
Salt Lake City,program_found,27500,"Utah Housing Corporation DPA Second: up to 6% of the first mortgage, capped at $27,500. UHC Form 300 (All Loan Program Eligibility matrix, Rev. 07/06/2026): 'Up to 6% of the first mortgage loan amount listed on the First Note (which may include FHA upfront MIP on FHA first mortgage). Not to exceed $27,500.' Unit limit depends on the first mortgage: the FHA/VA Mortgage column lists 'One-two unit owner-occupied' properties, and 2-to-4-unit properties appear only under the Freddie Mac HFA Advantage (conventional) column, 'in compliance with Freddie Mac guidelines', so an FHA or VA borrower is limited to a duplex; a triplex or fourplex needs the HFA Advantage loan, which requires '700 for 2-to-4-unit properties' as the minimum FICO and a '95% maximum LTV' for 2-to-4-unit properties (Form 300 pages 4-5, read 2026-10-04). The DPA Second is a loan: the Traditional option is a 30-year fixed second at '1% above the Utah Housing First Mortgage rate, not to exceed 8%, and not less than the first mortgage interest rate'; the Deferred option is up to 3.5% at '3.5% deferred simple interest' with 'No monthly payment required', due at maturity, sale or refinance (Form 300 page 2). Corrected 2026-09-24: the previous $25,000 came from a third-party summary; re-sourced to Utah Housing's own matrix.",https://utahhousingcorp.org/pdf/Form300.pdf,2026-10-04
San Antonio,program_found,,"2% to 5% of the total mortgage loan amount. TDHCA My First Texas Home: 'Available assistance ranging from 2% - 5% of the total mortgage loan funding'. Borrower chooses a 30-year deferred repayable second or a 3-year deferred forgivable second. TWO-unit eligible; 3-4 unit NOT eligible (the program matrix lists duplexes, one unit owner-occupied, and no triplex or fourplex).",https://welcomehome.tdhca.texas.gov/uploads/My-First-Texas-Home-Program-Matrix-TMS.pdf,2026-09-24
San Diego,program_found,,"up to 5.5% of the first mortgage loan amount. GSFA Platinum states 'Financial Assistance (up to 5.5%)' of the First Mortgage loan amount, split into a second mortgage plus a gift component; GSFA publishes NO flat dollar cap on the assistance, only a maximum first mortgage loan limit of $832,750. Previous dollar figures on this row were DERIVED by an earlier pass and could not be reconstructed - replaced with the published percentage (13 August 2026).",https://gsfahome.org/programs/dpa/platinum.shtml,2026-08
San Francisco,program_found,,"up to 5.5% of the first mortgage loan amount. GSFA Platinum states 'Financial Assistance (up to 5.5%)' of the First Mortgage loan amount, split into a second mortgage plus a gift component; GSFA publishes NO flat dollar cap on the assistance, only a maximum first mortgage loan limit of $832,750. Previous dollar figures on this row were DERIVED by an earlier pass and could not be reconstructed - replaced with the published percentage (13 August 2026).",https://gsfahome.org/programs/dpa/platinum.shtml,2026-08
San Jose,program_found,,"up to 5.5% of the first mortgage loan amount. GSFA Platinum states 'Financial Assistance (up to 5.5%)' of the First Mortgage loan amount, split into a second mortgage plus a gift component; GSFA publishes NO flat dollar cap on the assistance, only a maximum first mortgage loan limit of $832,750. Previous dollar figures on this row were DERIVED by an earlier pass and could not be reconstructed - replaced with the published percentage (13 August 2026).",https://gsfahome.org/programs/dpa/platinum.shtml,2026-08
Scranton,program_found,6000,"PHFA Keystone Advantage Assistance Loan Confirmed 2026-10-04 from PHFA's First Mortgage Programs Overview (March 2026): Keystone Home Loan and Keystone Government first mortgages allow 'One or two units; condos, PUDs, manufactured housing'; HFA Preferred is 'One-unit properties only'. Keystone Advantage pairs with KHL, HFA Preferred or KGov (Subordinate Mortgage Programs Overview, August 2026, maximum $6,000). TWO-unit eligible through Keystone Home Loan or Keystone Government; 3-4 unit NOT eligible.",https://www.phfa.org/programs/assistance/keystone-advantage.aspx,2026-10-04
Seattle,program_found,,"3%, 4% or 5% of the first mortgage loan amount. WSHFC Home Advantage DPA (second mortgage), 0% interest: 'Offers 3%, 4%, or 5% of the first-mortgage loan amount in downpayment assistance'; payment-deferred, repayable on sale, refinance or payoff. No dollar cap stated. TWO-unit eligible; 3-4 unit NOT eligible, confirmed in writing by WSHFC, August 2026 (email 2026-08-13 from Christian Hayes, Senior Program Compliance Administrator, Washington State Housing Finance Commission: 'The Home Advantage program allows for a 1 or 2 unit duplex property. We cannot finance a 3, 4 or larger unit property. Borrower must occupy one of the units if purchasing a 2 unit duplex property.'). The Needs-Based loan (up to $10,000 at 1%) is the smaller option.",https://heretohome.org/downpayment-assistance/,2026-09-24
Spokane,program_found,,"3%, 4% or 5% of the first mortgage loan amount. WSHFC Home Advantage DPA (second mortgage), 0% interest: 'Offers 3%, 4%, or 5% of the first-mortgage loan amount in downpayment assistance'; payment-deferred, repayable on sale, refinance or payoff. No dollar cap stated. TWO-unit eligible; 3-4 unit NOT eligible, confirmed in writing by WSHFC, August 2026 (email 2026-08-13 from Christian Hayes, Senior Program Compliance Administrator, Washington State Housing Finance Commission: 'The Home Advantage program allows for a 1 or 2 unit duplex property. We cannot finance a 3, 4 or larger unit property. Borrower must occupy one of the units if purchasing a 2 unit duplex property.'). The Needs-Based loan (up to $10,000 at 1%) is the smaller option. Corrected 2026-09-24: the row previously carried the smaller Needs-Based $10,000 product; the percentage product is the larger option, as recorded for Seattle.",https://heretohome.org/downpayment-assistance/,2026-09-24
St. Louis,program_found,,"4% of the total mortgage amount. MHDC First Place Loan Program down payment assistance: 'a 100% forgivable second loan equal to 4% of the total mortgage amount to help with down payment and closing costs'. Fully forgiven at year 10. No dollar cap found in MHDC's own documents; the manual's FAQ says 'The MHDC DPA 2nd mortgage amount is exactly 4% of the first loan.' Corrected 2026-09-24: the previous flat $10,000 appears in neither the June 2025 nor the March 2026 manual and contradicted the Kansas City row on the same statewide program, so it was replaced with the published percentage. Two-unit limit: the First Place Loan Program operations manual (Revised 3/11/2026) lists eligible properties as 'Single-Family detached', 'Owner-Occupied one- or two-unit duplexes', semi-detached, condominiums, town homes and double-wide manufactured homes; no three- or four-unit type is listed, so the assistance is not usable on a triplex or fourplex.",https://mhdc.com/media/k5epnlpt/first-place-manual-march-2026.pdf,2026-09-24
Syracuse,program_found,30000,SONYMA Down Payment Assistance Loan (DPAL) Plus,https://hcr.ny.gov/dpal-plus-2026-term-sheet,2026-07
Tampa,program_found,25000,Home Sweet Home Hillsborough Program (Florida Housing HFA partner DPA),https://www.homesweethomeprogram.com/,2026-07
Toledo,program_found,,"3% or 3.5% of the home's purchase price. OHFA Down Payment Assistance ('Your Choice!'): 3% of the purchase price with an OHFA conventional loan, 3.5% with an OHFA government loan (FHA, VA, USDA). OHFA's homebuyer page (captured 2026-09-24): 'OHFA Down Payment Assistance allows homebuyers to choose 3% for conventional loans or 3.5% for government loans (FHA, VA, USDA) of the home's purchase price.' OHFA's lender program guidelines dated July 1, 2026 say the same: 'Sized at exactly 3% of the home purchase price, rounded down to the nearest dollar' (Conventional Program, p. 9, ohiohome.org/partners/documents/Conventional-Guidelines-July26.pdf) and 'Sized at exactly 3.5% of the home purchase price' (Government Program, p. 7, ohiohome.org/partners/documents/Government-Guidelines-July26.pdf). Forgiven after seven years; repaid in full if the home is sold or refinanced within seven years. No flat dollar cap is published. NOTE: percentage of PURCHASE PRICE, not loan amount. Corrected 2026-09-24: the previous '2.5% or 5%' was quoted from an OHFA brochure stamped 'Revised December 19, 2022' (ohiohome.org/partners/documents/DPA.pdf) that OHFA still hosts but has superseded.",https://myohiohome.org/downpaymentassistance.aspx,2026-09-24
Tucson,unconfirmed,,"Arizona IDA Home Plus (statewide, up to 5% of the loan as a forgivable second): the program's own FAQ lists single-family homes, townhomes, condos and manufactured homes and says 'please speak with your Lender regarding multi-unit properties'; participating lenders advertise duplex eligibility depending on the loan product. Eligibility for 2-4 units is not stated by the program, so this is recorded as unconfirmed, not as a no. Re-checked 2026-09-08 against the program FAQ (previously sourced to a third-party aggregator).",https://homeplusaz.com/frequently-asked-questions/,2026-09
Tulsa,program_found,,"3.5% of the total loan amount. Oklahoma OHFA DREAM (government loan) Down Payment Assistance, the statewide program (ohfa.org, NOT Ohio's myohiohome.org): '3.50% Down Payment Assistance' ... 'DPA calculated on Total Loan Amount (Note Amount)' (product guide, revision September 2025). Two-unit limit, in the guide's words: '1 - Unit & 2 - Unit Properties' and '2 - Unit Properties - FHA only; Must be one parcel and one legal description', with the borrower occupying one unit; not usable on a triplex or fourplex. For a triplex or fourplex, the Housing Partners of Tulsa, Inc. Homeownership Program ($5,000, local nonprofit, city of Tulsa; fha.com/first-time-home-buyers-program/homeownership-program, a third-party summary) may apply if its unit rules can be confirmed. Corrected 2026-09-24: the row previously carried only the $5,000 local program; the statewide OHFA DREAM assistance is the larger, agency-documented option and now leads the row.",https://www.ohfa.org/wp-content/uploads/2025/LDREAMGOVT-Guide-2025-9152025-IFF-INCREASE.pdf,2026-09-24
Virginia Beach-Norfolk,unconfirmed,,"Virginia DHCD HOMEownership Down Payment Assistance Program (DPA): up to $40,000 (10% of the sales price, 15% in high-cost or economically depressed areas, plus up to $2,500 toward closing costs) for buyers at or below 80% AMI. The two sources point different ways on 2-4 unit homes. DHCD confirmed in writing (Cheri L. Miles, Program Manager, 17 August 2026) that buyers 'may use DHCD's Down Payment Assistance (DPA) on a duplex, provided they will occupy one of the units', and that a buyer purchasing the entire duplex 'must reside in one of the units for the full affordability period'. The written guideline (DHCD DPA Program Guidelines, Revised October 2024, Property Eligibility) is stricter: 'Duplex, Triplex and Fourplex are permitted as long as the unit receiving HOME DPA assistance is individually sold and deeded, will be the primary residence of the homebuyer, and the homebuyer will not own any other units as rentals in that building.' The email confirms a whole duplex but not renting the other unit, so check with DHCD before counting on it. Triplexes and fourplexes bought whole are not confirmed by either source. Reclassified 2026-10-04 from program_found to unconfirmed: by this survey's definition (an owner-occupied building whose other units are rented) the written guideline excludes the use, the August 2026 email does not address renting the other unit, and DHCD has been asked the question again; the row returns to program_found only on a written answer that says yes.",https://www.dhcd.virginia.gov/sites/default/files/DocX/dpa/dpa-program-guidelines.pdf,2026-10-04
Washington DC,program_found,,"3% or 3.5% of the price. DC Open Doors DPAL (DC Housing Finance Agency), sized to the full minimum down payment: 'If you qualify, you can obtain a DPAL for the full amount of your required minimum down payment' (program page); the lender manual (November 2025) sets it at '3% of the sales price for Conventional Loans, 3% of the loan amount for VA loans, and 3.50% of the sales price for FHA Loans', and lists '1-4 Units (must meet Servicer and Investor guidelines, as guidelines vary with each Loan type)' among eligible property types. Deferred 0% loan, due after 30 years or on sale, transfer, refinance or move-out. Corrected 2026-09-24: the previous flat $20,000 came from a third-party summary and appears in neither DCHFA source; re-sourced to DCHFA's own page.",https://dchfa.org/homeownership/dc-open-doors/,2026-09-24
Wichita,none_found,,"KHRC First Time Homebuyer Program. Eligible property types confirmed 2026-08-13 by email from Marilyn Stanley, Kansas Housing Corporation: single-family on five acres or less; condominium, townhome, or one half of a duplex; manufactured home on a permanent foundation; modular home; new construction after certificate of occupancy. One half of a duplex is a single dwelling sold as its own parcel, so it does not give an owner occupant a second unit to rent out. A whole two to four unit building is not an eligible property type. This supersedes and withdraws the earlier reason given, which was the Wichita city-limits exclusion.",https://kshousingcorp.org/wp-content/uploads/2026/03/FTHB-Fact-Sheet-3-19-26.pdf,2026-08
Worcester,program_found,30000,MassHousing Down Payment Assistance,https://www.masshousing.com/en/home-ownership/homebuyers/down-payment-assistance,2026-07
Youngstown,program_found,,"3% or 3.5% of the home's purchase price. OHFA Down Payment Assistance ('Your Choice!'): 3% of the purchase price with an OHFA conventional loan, 3.5% with an OHFA government loan (FHA, VA, USDA). OHFA's homebuyer page (captured 2026-09-24): 'OHFA Down Payment Assistance allows homebuyers to choose 3% for conventional loans or 3.5% for government loans (FHA, VA, USDA) of the home's purchase price.' OHFA's lender program guidelines dated July 1, 2026 say the same: 'Sized at exactly 3% of the home purchase price, rounded down to the nearest dollar' (Conventional Program, p. 9, ohiohome.org/partners/documents/Conventional-Guidelines-July26.pdf) and 'Sized at exactly 3.5% of the home purchase price' (Government Program, p. 7, ohiohome.org/partners/documents/Government-Guidelines-July26.pdf). Forgiven after seven years; repaid in full if the home is sold or refinanced within seven years. No flat dollar cap is published. NOTE: percentage of PURCHASE PRICE, not loan amount. Corrected 2026-09-24: the previous '2.5% or 5%' was quoted from an OHFA brochure stamped 'Revised December 19, 2022' (ohiohome.org/partners/documents/DPA.pdf) that OHFA still hosts but has superseded.",https://myohiohome.org/downpaymentassistance.aspx,2026-09-24
